attempt,turns,length
0,1,3
1,5,4
2,6,3
3,4,4
4,6,3
5,0,3
6,1,3
7,6,2
8,3,3
9,7,3
10,0,3
11,0,3
12,5,3
13,0,3
14,2,3
15,2,3
16,2,3
17,0,3
18,1,3
19,0,3
20,1,3
21,1,3
22,0,3
23,3,3
24,0,3
25,2,3
26,3,3
27,0,3
28,5,3
29,0,3
30,0,3
31,7,3
32,4,3
33,2,3
34,3,3
35,12,3
36,1,3
37,0,3
38,0,3
39,3,3
40,2,3
41,1,3
42,1,3
43,5,3
44,0,3
45,2,3
46,1,3
47,1,3
48,3,3
49,1,3
50,0,3
51,1,3
52,1,3
53,1,3
54,0,3
55,7,3
56,2,4
57,0,3
58,3,3
59,0,3
60,2,3
61,7,3
62,0,3
63,0,3
64,1,3
65,2,3
66,0,3
67,0,3
68,6,3
69,5,3
70,6,4
71,0,3
72,0,3
73,1,3
74,5,3
75,0,3
76,5,2
77,10,2
78,2,3
79,10,3
80,1,3
81,5,4
82,6,3
83,2,3
84,3,3
85,6,3
86,0,3
87,3,3
88,0,3
89,1,3
90,0,3
91,0,3
92,0,3
93,3,3
94,0,3
95,0,3
96,15,3
97,1,3
98,0,3
99,1,3
100,3,3
101,2,3
102,8,3
103,1,3
104,0,3
105,3,3
106,5,3
107,0,3
108,1,3
109,0,3
110,0,3
111,1,3
112,2,3
113,0,3
114,6,3
115,0,3
116,2,3
117,2,3
118,2,3
119,5,3
120,1,3
121,3,3
122,1,3
123,0,3
124,0,3
125,0,3
126,2,3
127,0,3
128,0,3
129,1,3
130,1,3
131,0,3
132,4,3
133,1,3
134,0,3
135,0,3
136,0,3
137,0,3
138,0,3
139,0,3
140,0,3
141,1,3
142,3,3
143,5,3
144,1,3
145,7,3
146,1,3
147,0,3
148,3,3
149,1,3
150,0,3
151,0,3
152,2,3
153,0,3
154,0,3
155,0,3
156,3,3
157,0,3
158,4,3
159,3,3
160,8,3
161,7,3
162,0,3
163,0,3
164,1,3
165,2,3
166,0,3
167,4,3
168,2,3
169,1,3
170,0,3
171,0,3
172,8,3
173,3,4
174,0,3
175,2,3
176,10,3
177,3,3
178,10,3
179,15,3
180,2,3
181,1,3
182,7,3
183,3,3
184,1,3
185,1,3
186,0,3
187,0,3
188,1,4
189,0,3
190,0,3
191,1,3
192,0,3
193,13,3
194,1,3
195,0,3
196,3,3
197,7,3
198,2,3
199,9,3
200,2,3
201,1,3
202,0,3
203,10,3
204,0,3
205,0,3
206,4,3
207,0,3
208,0,3
209,0,3
210,2,3
211,0,3
212,0,3
213,7,4
214,1,3
215,4,3
216,6,4
217,7,3
218,0,3
219,0,3
220,0,3
221,4,3
222,8,3
223,0,3
224,0,3
225,0,3
226,0,3
227,6,3
228,0,3
229,8,3
230,2,3
231,0,3
232,10,4
233,3,3
234,5,3
235,0,3
236,0,3
237,0,3
238,2,3
239,2,3
240,0,3
241,4,3
242,2,3
243,2,3
244,15,3
245,4,3
246,1,3
247,1,3
248,4,3
249,1,3
250,0,3
251,2,3
252,0,3
253,2,3
254,4,3
255,0,3
256,1,3
257,0,3
258,0,3
259,25,3
260,1,2
261,0,3
262,0,3
263,0,3
264,1,3
265,5,3
266,1,3
267,0,3
268,3,3
269,1,3
270,1,3
271,0,3
272,0,3
273,0,3
274,2,3
275,6,3
276,5,3
277,12,2
278,3,3
279,5,3
280,3,3
281,0,3
282,7,3
283,0,3
284,0,3
285,0,3
286,1,3
287,0,3
288,1,3
289,2,3
290,0,3
291,3,3
292,2,3
293,1,3
294,0,3
295,0,3
296,7,4
297,13,3
298,5,3
299,11,3
300,0,3
301,11,3
302,2,3
303,0,3
304,0,3
305,2,3
306,1,3
307,0,3
308,16,3
309,2,3
310,3,2
311,4,3
312,0,3
313,5,3
314,0,3
315,4,3
316,1,3
317,0,3
318,2,3
319,4,3
320,1,3
321,3,3
322,0,3
323,3,3
324,3,3
325,3,4
326,0,3
327,0,3
328,8,3
329,3,3
330,2,3
331,0,3
332,2,3
333,2,3
334,0,3
335,1,3
336,3,3
337,1,3
338,2,3
339,1,3
340,0,3
341,1,3
342,3,3
343,2,3
344,4,3
345,0,3
346,1,3
347,5,3
348,1,3
349,2,3
350,1,3
351,0,3
352,0,3
353,0,3
354,2,3
355,6,3
356,0,3
357,13,3
358,18,4
359,12,3
360,5,3
361,1,3
362,1,3
363,0,3
364,16,3
365,0,3
366,3,3
367,1,3
368,2,3
369,0,3
370,48,3
371,1,3
372,0,3
373,2,3
374,0,3
375,2,3
376,1,3
377,0,3
378,0,3
379,1,3
380,6,3
381,4,3
382,22,3
383,3,3
384,1,3
385,28,3
386,1,3
387,0,3
388,6,3
389,6,3
390,1,3
391,0,3
392,7,3
393,30,3
394,1,3
395,3,3
396,0,3
397,1,3
398,0,3
399,2,3
400,26,3
401,3,3
402,7,3
403,5,3
404,1,3
405,0,3
406,19,3
407,2,3
408,2,4
409,2,3
410,1,3
411,0,3
412,1,3
413,0,3
414,1,3
415,1,3
416,8,4
417,0,3
418,6,3
419,2,3
420,1,3
421,6,3
422,3,3
423,13,3
424,4,3
425,2,3
426,15,2
427,0,3
428,0,3
429,1,4
430,1,3
431,9,4
432,6,4
433,2,3
434,22,4
435,6,4
436,3,3
437,0,3
438,3,3
439,0,3
440,13,3
441,1,3
442,9,3
443,6,3
444,0,3
445,14,3
446,0,3
447,0,3
448,0,3
449,0,3
450,1,3
451,0,3
452,0,3
453,3,3
454,1,3
455,3,3
456,1,3
457,20,3
458,2,3
459,8,3
460,2,3
461,2,3
462,3,3
463,2,3
464,21,3
465,6,3
466,12,3
467,1,3
468,0,3
469,0,3
470,8,3
471,2,3
472,5,3
473,10,3
474,0,3
475,6,3
476,0,3
477,2,3
478,2,3
479,6,3
480,0,3
481,2,3
482,0,3
483,16,3
484,31,3
485,3,4
486,0,3
487,6,3
488,0,3
489,0,3
490,0,3
491,0,3
492,5,3
493,1,3
494,4,3
495,2,3
496,7,4
497,5,3
498,1,3
499,0,3
500,0,3
501,1,3
502,10,3
503,4,3
504,0,3
505,0,3
506,3,3
507,18,2
508,0,3
509,0,3
510,11,3
511,1,3
512,0,3
513,1,2
514,0,3
515,1,3
516,0,3
517,0,3
518,11,3
519,15,2
520,1,3
521,0,3
522,7,4
523,2,4
524,0,3
525,0,3
526,3,3
527,2,3
528,2,3
529,1,3
530,0,3
531,7,3
532,0,3
533,0,3
534,12,3
535,10,3
536,0,3
537,1,3
538,0,3
539,1,4
540,31,3
541,0,3
542,0,3
543,1,3
544,2,4
545,15,3
546,9,3
547,0,3
548,2,3
549,1,3
550,1,3
551,3,3
552,4,3
553,2,3
554,5,3
555,1,3
556,1,3
557,1,3
558,8,3
559,0,3
560,6,4
561,0,3
562,1,3
563,4,3
564,0,3
565,5,3
566,0,3
567,2,3
568,0,3
569,0,3
570,5,3
571,0,3
572,0,3
573,0,3
574,1,3
575,1,3
576,1,3
577,0,3
578,26,4
579,35,2
580,1,3
581,0,3
582,8,3
583,0,3
584,0,3
585,0,3
586,0,3
587,25,3
588,0,3
589,3,3
590,1,3
591,22,3
592,0,3
593,0,3
594,0,3
595,1,3
596,0,3
597,6,3
598,0,3
599,9,3
600,0,3
601,3,3
602,11,4
603,4,3
604,16,3
605,0,3
606,0,3
607,0,3
608,0,3
609,10,3
610,0,3
611,8,3
612,28,3
613,1,3
614,0,3
615,1,3
616,0,3
617,2,3
618,9,3
619,2,3
620,0,3
621,1,3
622,5,3
623,0,3
624,16,3
625,2,3
626,3,3
627,0,3
628,16,3
629,0,3
630,1,3
631,13,3
632,6,3
633,4,3
634,0,3
635,3,3
636,4,3
637,69,1
638,2,3
639,3,3
640,1,3
641,27,3
642,0,3
643,5,3
644,0,3
645,1,3
646,0,3
647,0,3
648,1,3
649,1,3
650,3,5
651,4,3
652,4,3
653,0,3
654,39,3
655,0,3
656,5,3
657,0,3
658,0,3
659,1,3
660,4,3
661,4,3
662,0,3
663,5,3
664,3,3
665,4,3
666,8,3
667,10,3
668,0,3
669,0,3
670,0,3
671,0,3
672,0,3
673,0,3
674,21,3
675,0,3
676,7,4
677,2,3
678,5,3
679,3,4
680,0,3
681,14,3
682,2,3
683,12,3
684,1,3
685,0,3
686,3,3
687,11,3
688,0,3
689,0,3
690,1,3
691,7,3
692,0,3
693,0,3
694,8,3
695,1,3
696,0,3
697,0,3
698,1,3
699,0,3
700,8,3
701,0,3
702,5,3
703,0,3
704,5,3
705,21,3
706,0,3
707,9,4
708,0,3
709,1,3
710,8,4
711,2,3
712,15,3
713,21,3
714,0,3
715,0,3
716,3,3
717,6,3
718,0,3
719,1,3
720,0,3
721,4,2
722,0,3
723,0,3
724,0,3
725,0,3
726,3,3
727,7,4
728,23,4
729,0,3
730,15,5
731,0,3
732,0,3
733,0,3
734,8,3
735,1,3
736,0,3
737,5,3
738,2,3
739,0,3
740,0,3
741,0,3
742,0,3
743,0,3
744,0,3
745,5,4
746,1,3
747,3,4
748,0,3
749,10,3
750,0,3
751,0,3
752,3,3
753,19,3
754,3,3
755,0,3
756,0,3
757,0,3
758,7,3
759,2,3
760,3,3
761,13,3
762,0,3
763,1,3
764,11,3
765,3,3
766,20,3
767,0,3
768,2,3
769,1,3
770,4,3
771,4,3
772,0,3
773,1,3
774,5,3
775,1,3
776,9,3
777,0,3
778,4,3
779,11,4
780,0,3
781,15,3
782,0,3
783,4,3
784,3,3
785,5,3
786,0,3
787,14,3
788,0,3
789,0,3
790,1,3
791,34,3
792,0,3
793,5,4
794,2,3
795,1,3
796,0,3
797,20,3
798,16,3
799,0,3
800,9,3
801,0,3
802,13,1
803,9,3
804,0,3
805,11,4
806,6,3
807,0,3
808,1,3
809,0,3
810,7,3
811,4,3
812,11,3
813,36,4
814,57,3
815,10,3
816,0,3
817,0,3
818,31,3
819,0,3
820,2,3
821,0,3
822,7,3
823,1,3
824,1,3
825,2,3
826,16,2
827,0,3
828,0,3
829,10,4
830,1,3
831,0,3
832,3,3
833,3,3
834,11,4
835,7,3
836,0,3
837,2,3
838,17,5
839,30,3
840,0,3
841,3,3
842,1,3
843,9,3
844,1,3
845,32,3
846,16,3
847,4,3
848,13,4
849,1,3
850,3,3
851,0,3
852,22,4
853,9,3
854,0,3
855,3,3
856,4,3
857,5,3
858,4,3
859,1,3
860,0,3
861,0,3
862,8,4
863,18,2
864,0,3
865,3,3
866,0,3
867,9,3
868,1,3
869,25,3
870,1,3
871,3,3
872,5,3
873,0,3
874,15,5
875,5,3
876,0,3
877,6,3
878,7,3
879,2,3
880,3,3
881,14,3
882,1,3
883,0,3
884,20,3
885,16,3
886,0,3
887,18,3
888,5,3
889,7,3
890,0,3
891,4,3
892,4,3
893,9,3
894,1,3
895,12,4
896,1,3
897,9,4
898,0,3
899,0,3
900,9,3
901,0,3
902,9,4
903,50,4
904,1,3
905,26,2
906,13,3
907,0,3
908,10,4
909,0,3
910,0,3
911,1,3
912,0,3
913,3,3
914,22,3
915,2,3
916,16,4
917,11,3
918,46,4
919,0,3
920,0,3
921,26,4
922,8,4
923,4,3
924,5,3
925,1,3
926,9,3
927,0,3
928,3,3
929,0,3
930,20,2
931,18,3
932,0,3
933,0,3
934,9,4
935,5,3
936,6,3
937,22,6
938,9,3
939,0,3
940,1,3
941,10,3
942,0,3
943,3,3
944,27,3
945,3,3
946,12,3
947,18,5
948,3,4
949,0,3
950,9,3
951,6,3
952,1,3
953,42,3
954,1,3
955,1,3
956,0,3
957,0,3
958,12,5
959,0,3
960,5,3
961,4,3
962,12,4
963,0,3
964,9,3
965,12,3
966,3,3
967,10,4
968,0,3
969,0,3
970,0,3
971,0,3
972,3,3
973,5,3
974,0,3
975,21,3
976,1,3
977,0,3
978,0,3
979,6,4
980,3,3
981,0,3
982,2,3
983,0,3
984,11,5
985,0,3
986,21,3
987,12,4
988,0,3
989,3,3
990,1,3
991,6,4
992,5,3
993,2,3
994,3,3
995,1,3
996,0,3
997,1,3
998,8,4
999,24,4
1000,5,3
1001,5,4
1002,24,3
1003,0,3
1004,0,3
1005,3,3
1006,1,3
1007,1,3
1008,22,3
1009,0,3
1010,0,3
1011,0,3
1012,13,3
1013,2,3
1014,0,3
1015,0,3
1016,7,4
1017,1,3
1018,0,3
1019,3,3
1020,2,3
1021,3,3
1022,4,3
1023,1,3
1024,0,3
1025,0,3
1026,0,3
1027,4,3
1028,1,3
1029,1,4
1030,0,3
1031,13,3
1032,3,3
1033,0,3
1034,22,4
1035,4,3
1036,23,3
1037,5,3
1038,2,3
1039,11,3
1040,9,3
1041,0,3
1042,6,3
1043,13,4
1044,1,3
1045,1,3
1046,0,3
1047,11,3
1048,0,3
1049,6,3
1050,1,4
1051,3,3
1052,12,3
1053,27,3
1054,14,4
1055,0,3
1056,18,3
1057,16,5
1058,9,3
1059,3,3
1060,1,3
1061,3,3
1062,11,3
1063,4,3
1064,11,3
1065,23,4
1066,11,3
1067,3,3
1068,48,4
1069,17,3
1070,0,3
1071,0,3
1072,16,3
1073,0,3
1074,1,3
1075,0,3
1076,101,4
1077,12,4
1078,1,3
1079,0,3
1080,4,4
1081,4,3
1082,1,3
1083,0,3
1084,7,3
1085,16,3
1086,1,3
1087,1,3
1088,22,2
1089,1,3
1090,0,3
1091,19,3
1092,23,3
1093,1,3
1094,9,3
1095,3,3
1096,19,3
1097,0,3
1098,20,7
1099,69,5
1100,1,3
1101,1,3
1102,1,3
1103,0,3
1104,13,3
1105,17,4
1106,0,3
1107,7,2
1108,10,3
1109,0,3
1110,0,3
1111,0,3
1112,1,3
1113,0,3
1114,0,3
1115,0,3
1116,0,3
1117,0,3
1118,16,2
1119,0,3
1120,9,3
1121,13,6
1122,0,3
1123,36,2
1124,13,4
1125,3,3
1126,7,4
1127,3,3
1128,35,3
1129,0,3
1130,4,3
1131,0,3
1132,5,4
1133,0,3
1134,0,3
1135,0,3
1136,0,3
1137,1,3
1138,1,3
1139,0,3
1140,18,4
1141,0,3
1142,0,3
1143,10,3
1144,12,2
1145,0,3
1146,2,3
1147,5,3
1148,14,4
1149,9,3
1150,17,4
1151,0,3
1152,3,3
1153,15,3
1154,2,3
1155,0,3
1156,13,4
1157,1,3
1158,44,4
1159,5,3
1160,9,4
1161,0,3
1162,4,4
1163,3,3
1164,14,3
1165,6,3
1166,3,3
1167,19,4
1168,2,3
1169,0,3
1170,11,5
1171,23,3
1172,4,3
1173,10,4
1174,16,4
1175,1,3
1176,0,3
1177,1,3
1178,9,5
1179,11,4
1180,5,4
1181,42,3
1182,35,7
1183,7,3
1184,2,3
1185,8,4
1186,29,4
1187,0,3
1188,27,6
1189,0,3
1190,0,3
1191,4,3
1192,8,4
1193,2,3
1194,7,3
1195,0,3
1196,47,3
1197,3,3
1198,4,3
1199,0,3
1200,10,4
1201,0,3
1202,0,3
1203,22,4
1204,12,2
1205,11,2
1206,13,3
1207,0,3
1208,0,3
1209,1,3
1210,0,3
1211,0,3
1212,11,4
1213,0,3
1214,0,3
1215,8,4
1216,6,3
1217,7,2
1218,39,3
1219,6,3
1220,8,4
1221,5,2
1222,17,5
1223,8,4
1224,7,3
1225,0,3
1226,39,5
1227,17,5
1228,0,3
1229,2,3
1230,0,3
1231,28,5
1232,3,3
1233,0,3
1234,6,4
1235,1,3
1236,13,4
1237,1,3
1238,1,3
1239,3,3
1240,20,2
1241,13,4
1242,6,4
1243,4,3
1244,0,3
1245,4,3
1246,1,3
1247,0,3
1248,8,4
1249,5,3
1250,0,3
1251,0,3
1252,2,3
1253,3,3
1254,14,3
1255,14,4
1256,0,3
1257,3,3
1258,1,3
1259,29,2
1260,0,3
1261,5,3
1262,11,3
1263,28,3
1264,11,3
1265,0,3
1266,0,3
1267,9,3
1268,13,4
1269,0,3
1270,0,3
1271,0,3
1272,0,3
1273,6,3
1274,0,3
1275,3,3
1276,1,3
1277,8,3
1278,19,3
1279,2,3
1280,30,2
1281,1,3
1282,36,4
1283,0,3
1284,5,3
1285,3,2
1286,7,3
1287,14,4
1288,0,3
1289,2,3
1290,16,4
1291,6,3
1292,18,5
1293,7,3
1294,7,3
1295,3,3
1296,1,3
1297,1,3
1298,0,3
1299,0,3
1300,1,3
1301,1,3
1302,14,3
1303,3,3
1304,15,4
1305,0,3
1306,13,4
1307,0,3
1308,22,5
1309,0,3
1310,1,3
1311,0,3
1312,0,3
1313,19,5
1314,0,3
1315,5,3
1316,10,4
1317,28,4
1318,0,3
1319,13,4
1320,8,4
1321,1,2
1322,0,3
1323,5,3
1324,12,5
1325,0,3
1326,0,3
1327,1,3
1328,0,3
1329,5,3
1330,9,4
1331,15,5
1332,0,3
1333,0,3
1334,1,3
1335,13,3
1336,19,3
1337,0,3
1338,21,5
1339,50,4
1340,2,3
1341,5,4
1342,4,3
1343,18,4
1344,10,5
1345,12,4
1346,6,3
1347,3,4
1348,2,3
1349,0,3
1350,0,3
1351,57,4
1352,5,3
1353,4,3
1354,15,4
1355,28,3
1356,0,3
1357,8,3
1358,0,3
1359,1,3
1360,7,3
1361,0,3
1362,1,3
1363,0,3
1364,6,4
1365,43,3
1366,0,3
1367,8,3
1368,3,3
1369,0,3
1370,0,3
1371,0,3
1372,26,6
1373,5,5
1374,8,3
1375,5,4
1376,0,3
1377,0,3
1378,4,3
1379,0,3
1380,3,2
1381,2,3
1382,1,3
1383,10,3
1384,6,3
1385,47,5
1386,17,4
1387,11,3
1388,35,1
1389,9,3
1390,2,3
1391,18,6
1392,0,3
1393,0,3
1394,2,3
1395,0,3
1396,24,2
1397,5,3
1398,27,4
1399,3,3
1400,5,3
1401,0,3
1402,27,3
1403,0,3
1404,0,3
1405,1,3
1406,1,3
1407,1,3
1408,15,5
1409,17,5
1410,2,3
1411,9,3
1412,10,4
1413,18,4
1414,0,3
1415,2,4
1416,18,5
1417,27,5
1418,24,4
1419,0,3
1420,1,3
1421,10,3
1422,0,3
1423,0,3
1424,1,3
1425,32,3
1426,33,4
1427,0,3
1428,12,5
1429,2,3
1430,1,3
1431,1,3
1432,0,3
1433,8,4
1434,0,3
1435,2,3
1436,0,3
1437,0,3
1438,45,5
1439,1,3
1440,11,3
1441,0,3
1442,0,3
1443,0,3
1444,7,4
1445,0,3
1446,7,4
1447,32,3
1448,0,3
1449,2,3
1450,15,4
1451,3,3
1452,1,3
1453,52,3
1454,19,3
1455,15,4
1456,0,3
1457,15,6
1458,0,3
1459,0,3
1460,8,4
1461,0,3
1462,11,4
1463,0,3
1464,0,3
1465,1,3
1466,16,3
1467,50,3
1468,17,3
1469,26,5
1470,6,3
1471,0,3
1472,1,3
1473,1,3
1474,4,3
1475,0,3
1476,0,3
1477,32,5
1478,10,4
1479,0,3
1480,26,3
1481,1,3
1482,17,5
1483,0,3
1484,22,3
1485,0,3
1486,0,3
1487,53,3
1488,3,3
1489,0,3
1490,3,3
1491,4,3
1492,20,3
1493,7,3
1494,11,3
1495,0,3
1496,2,4
1497,22,6
1498,1,3
1499,8,6
1500,0,3
1501,49,3
1502,19,3
1503,51,7
1504,4,4
1505,1,3
1506,9,3
1507,10,4
1508,20,4
1509,4,3
1510,19,3
1511,0,3
1512,22,4
1513,7,3
1514,11,3
1515,1,3
1516,2,3
1517,20,4
1518,0,3
1519,4,3
1520,22,5
1521,1,3
1522,1,3
1523,5,4
1524,10,4
1525,0,3
1526,0,3
1527,0,3
1528,0,3
1529,10,4
1530,0,3
1531,10,3
1532,0,3
1533,0,3
1534,14,5
1535,13,4
1536,6,3
1537,4,3
1538,23,5
1539,18,4
1540,0,3
1541,25,5
1542,11,4
1543,10,3
1544,0,3
1545,22,4
1546,9,3
1547,33,4
1548,3,3
1549,0,3
1550,0,3
1551,14,5
1552,6,3
1553,0,3
1554,25,4
1555,37,4
1556,10,4
1557,16,4
1558,15,3
1559,0,3
1560,3,3
1561,30,5
1562,0,3
1563,0,3
1564,0,3
1565,0,3
1566,0,3
1567,10,5
1568,0,3
1569,0,3
1570,0,3
1571,29,3
1572,2,3
1573,30,5
1574,13,3
1575,0,3
1576,0,3
1577,0,3
1578,0,3
1579,4,3
1580,50,4
1581,0,3
1582,0,3
1583,0,3
1584,12,4
1585,6,3
1586,0,3
1587,16,2
1588,0,3
1589,21,4
1590,5,4
1591,0,3
1592,27,3
1593,17,5
1594,16,4
1595,14,4
1596,12,3
1597,0,3
1598,7,4
1599,1,3
1600,0,3
1601,0,3
1602,0,3
1603,0,3
1604,9,3
1605,0,3
1606,48,7
1607,0,3
1608,27,3
1609,4,3
1610,3,3
1611,3,3
1612,0,3
1613,6,3
1614,0,3
1615,1,3
1616,0,3
1617,0,3
1618,21,5
1619,6,4
1620,4,3
1621,12,5
1622,5,4
1623,27,2
1624,6,3
1625,6,3
1626,2,3
1627,10,4
1628,5,3
1629,4,3
1630,6,3
1631,1,3
1632,4,3
1633,0,3
1634,13,3
1635,13,4
1636,18,4
1637,0,3
1638,6,4
1639,6,4
1640,25,3
1641,18,4
1642,0,3
1643,18,4
1644,58,4
1645,0,3
1646,0,3
1647,0,3
1648,0,3
1649,20,4
1650,23,5
1651,32,5
1652,1,3
1653,0,3
1654,8,4
1655,2,3
1656,0,3
1657,22,6
1658,0,3
1659,20,3
1660,0,3
1661,0,3
1662,17,4
1663,19,5
1664,0,3
1665,37,5
1666,20,4
1667,40,5
1668,4,3
1669,13,4
1670,31,4
1671,1,3
1672,35,9
1673,57,6
1674,3,3
1675,1,3
1676,37,6
1677,47,4
1678,0,3
1679,15,4
1680,1,3
1681,7,4
1682,0,3
1683,0,3
1684,0,3
1685,0,3
1686,12,3
1687,0,3
1688,1,3
1689,1,3
1690,4,3
1691,0,3
1692,3,3
1693,21,4
1694,2,3
1695,22,5
1696,0,3
1697,0,3
1698,35,6
1699,12,3
1700,21,4
1701,4,3
1702,0,3
1703,3,3
1704,0,3
1705,0,3
1706,27,4
1707,48,8
1708,22,5
1709,21,4
1710,7,4
1711,0,3
1712,0,3
1713,0,3
1714,17,5
1715,13,4
1716,0,3
1717,12,5
1718,10,4
1719,7,3
1720,14,5
1721,1,3
1722,29,4
1723,19,5
1724,1,3
1725,17,4
1726,0,3
1727,15,4
1728,1,3
1729,23,5
1730,12,4
1731,28,6
1732,35,5
1733,4,3
1734,14,3
1735,14,6
1736,0,3
1737,0,3
1738,3,4
1739,2,4
1740,1,3
1741,0,3
1742,12,5
1743,23,4
1744,0,3
1745,0,3
1746,50,6
1747,15,4
1748,23,5
1749,69,3
1750,12,4
1751,0,3
1752,0,3
1753,35,3
1754,9,3
1755,10,3
1756,1,3
1757,1,3
1758,14,3
1759,4,3
1760,0,3
1761,0,3
1762,0,3
1763,0,3
1764,0,3
1765,0,3
1766,4,3
1767,15,4
1768,0,3
1769,0,3
1770,0,3
1771,21,3
1772,6,3
1773,1,3
1774,15,5
1775,6,4
1776,0,3
1777,10,3
1778,0,3
1779,4,3
1780,1,3
1781,1,3
1782,56,1
1783,5,3
1784,0,3
1785,1,3
1786,14,5
1787,0,3
1788,0,3
1789,0,3
1790,37,3
1791,0,3
1792,0,3
1793,0,3
1794,0,3
1795,0,3
1796,14,5
1797,4,3
1798,0,3
1799,0,3
1800,0,3
1801,18,4
1802,4,3
1803,16,3
1804,8,5
1805,1,3
1806,8,2
1807,34,5
1808,1,3
1809,14,5
1810,0,3
1811,7,3
1812,8,4
1813,1,3
1814,6,3
1815,29,3
1816,0,3
1817,20,6
1818,0,3
1819,33,6
1820,1,3
1821,8,3
1822,15,5
1823,0,3
1824,0,3
1825,31,4
1826,8,5
1827,31,5
1828,2,3
1829,5,4
1830,1,3
1831,0,3
1832,0,3
1833,11,4
1834,33,4
1835,0,3
1836,19,5
1837,23,4
1838,3,3
1839,25,2
1840,0,3
1841,0,3
1842,0,3
1843,0,3
1844,16,7
1845,44,5
1846,31,2
1847,12,4
1848,0,3
1849,0,3
1850,0,3
1851,0,3
1852,1,3
1853,0,3
1854,7,3
1855,22,5
1856,13,3
1857,0,3
1858,4,3
1859,20,3
1860,0,3
1861,1,3
1862,8,4
1863,12,5
1864,12,6
1865,0,3
1866,14,4
1867,0,3
1868,24,4
1869,0,3
1870,0,3
1871,15,5
1872,0,3
1873,21,3
1874,13,3
1875,0,3
1876,0,3
1877,31,3
1878,4,3
1879,0,3
1880,0,3
1881,0,3
1882,1,3
1883,3,4
1884,9,3
1885,0,3
1886,4,3
1887,22,6
1888,17,3
1889,0,3
1890,1,3
1891,9,4
1892,29,6
1893,0,3
1894,0,3
1895,7,3
1896,22,5
1897,14,4
1898,0,3
1899,0,3
1900,43,4
1901,11,3
1902,0,3
1903,26,4
1904,15,4
1905,0,3
1906,0,3
1907,0,3
1908,8,3
1909,2,3
1910,24,10
1911,26,7
1912,1,4
1913,19,3
1914,3,4
1915,33,7
1916,6,3
1917,0,3
1918,10,4
1919,0,3
1920,27,4
1921,0,3
1922,15,6
1923,0,3
1924,0,3
1925,13,4
1926,0,3
1927,15,5
1928,2,3
1929,0,3
1930,9,3
1931,16,4
1932,44,6
1933,0,3
1934,22,5
1935,0,3
1936,0,3
1937,43,6
1938,7,4
1939,2,3
1940,0,3
1941,0,3
1942,0,3
1943,8,3
1944,0,3
1945,1,3
1946,1,4
1947,2,3
1948,29,7
1949,21,5
1950,1,3
1951,0,3
1952,0,3
1953,16,3
1954,19,4
1955,0,3
1956,0,3
1957,25,3
1958,0,3
1959,31,7
1960,4,3
1961,23,4
1962,15,4
1963,23,4
1964,0,3
1965,13,3
1966,30,3
1967,11,4
1968,10,5
1969,27,5
1970,13,5
1971,0,3
1972,0,3
1973,0,3
1974,0,3
1975,0,3
1976,0,3
1977,0,3
1978,0,3
1979,0,3
1980,10,4
1981,17,5
1982,48,5
1983,19,5
1984,0,3
1985,0,3
1986,0,3
1987,2,4
1988,0,3
1989,20,7
1990,19,4
1991,0,3
1992,11,4
1993,19,6
1994,7,3
1995,4,3
1996,1,3
1997,7,4
1998,0,3
1999,20,6
2000,20,6
2001,31,4
2002,0,3
2003,1,3
2004,1,3
2005,6,4
2006,0,3
2007,0,3
2008,8,3
2009,0,3
2010,0,3
2011,61,7
2012,0,3
2013,0,3
2014,0,3
2015,16,4
2016,0,3
2017,0,3
2018,6,4
2019,0,3
2020,0,3
2021,13,5
2022,0,3
2023,21,3
2024,22,4
2025,37,7
2026,1,3
2027,0,3
2028,33,5
2029,16,4
2030,23,6
2031,18,4
2032,9,4
2033,5,4
2034,15,4
2035,2,3
2036,16,7
2037,0,3
2038,45,8
2039,0,3
2040,0,3
2041,0,3
2042,0,3
2043,45,6
2044,0,3
2045,28,4
2046,10,4
2047,29,6
2048,27,4
2049,45,2
2050,7,3
2051,9,3
2052,49,7
2053,11,5
2054,0,3
2055,2,2
2056,19,3
2057,27,4
2058,28,3
2059,30,5
2060,6,3
2061,21,3
2062,34,6
2063,7,3
2064,0,3
2065,19,5
2066,20,4
2067,0,3
2068,44,3
2069,13,3
2070,16,4
2071,0,3
2072,0,3
2073,0,3
2074,0,3
2075,0,3
2076,0,3
2077,18,5
2078,23,5
2079,5,3
2080,26,4
2081,5,3
2082,14,3
2083,15,5
2084,0,3
2085,8,4
2086,1,3
2087,1,3
2088,0,3
2089,20,7
2090,46,5
2091,0,3
2092,6,3
2093,1,3
2094,0,3
2095,5,3
2096,29,5
2097,0,3
2098,13,4
2099,0,3
2100,0,3
2101,26,4
2102,39,5
2103,3,4
2104,82,5
2105,15,4
2106,12,4
2107,2,3
2108,30,4
2109,17,6
2110,8,2
2111,3,3
2112,0,3
2113,13,4
2114,0,3
2115,2,3
2116,0,3
2117,50,5
2118,0,3
2119,9,6
2120,0,3
2121,39,8
2122,28,9
2123,30,2
2124,3,3
2125,0,3
2126,2,3
2127,28,6
2128,1,3
2129,18,3
2130,14,6
2131,13,4
2132,0,3
2133,9,5
2134,6,5
2135,0,3
2136,5,4
2137,0,3
2138,6,5
2139,0,3
2140,0,3
2141,35,7
2142,0,3
2143,12,5
2144,0,3
2145,0,3
2146,0,3
2147,0,3
2148,0,3
2149,0,3
2150,35,6
2151,0,3
2152,7,3
2153,22,4
2154,0,3
2155,0,3
2156,13,4
2157,0,3
2158,0,3
2159,0,3
2160,2,3
2161,28,6
2162,53,7
2163,0,3
2164,16,4
2165,35,6
2166,48,4
2167,22,5
2168,0,3
2169,48,4
2170,9,4
2171,0,3
2172,20,6
2173,0,3
2174,0,3
2175,0,3
2176,9,4
2177,21,5
2178,9,3
2179,2,3
2180,0,3
2181,0,3
2182,21,5
2183,0,3
2184,7,4
2185,3,3
2186,45,6
2187,20,7
2188,0,3
2189,4,3
2190,0,3
2191,0,3
2192,0,3
2193,16,5
2194,26,5
2195,0,3
2196,43,4
2197,2,3
2198,4,3
2199,23,6
2200,13,4
2201,1,3
2202,17,4
2203,12,4
2204,0,3
2205,0,3
2206,0,3
2207,4,4
2208,17,5
2209,16,4
2210,0,3
2211,40,7
2212,0,3
2213,14,4
2214,22,5
2215,20,5
2216,5,3
2217,0,3
2218,59,4
2219,23,7
2220,0,3
2221,1,3
2222,0,3
2223,62,4
2224,4,3
2225,30,4
2226,28,5
2227,12,4
2228,0,3
2229,12,4
2230,0,3
2231,0,3
2232,26,4
2233,26,7
2234,23,4
2235,54,5
2236,1,3
2237,0,3
2238,0,3
2239,0,3
2240,14,4
2241,33,4
2242,11,4
2243,38,5
2244,0,3
2245,0,3
2246,31,7
2247,22,3
2248,0,3
2249,3,3
2250,0,3
2251,11,4
2252,5,4
2253,0,3
2254,30,3
2255,0,3
2256,10,5
2257,6,3
2258,12,3
2259,20,5
2260,35,7
2261,18,5
2262,0,3
2263,0,3
2264,0,3
2265,29,6
2266,0,3
2267,12,3
2268,0,3
2269,71,6
2270,0,3
2271,36,5
2272,0,3
2273,34,5
2274,17,3
2275,47,4
2276,55,6
2277,3,4
2278,27,4
2279,0,3
2280,0,3
2281,3,3
2282,0,3
2283,23,5
2284,28,7
2285,34,7
2286,0,3
2287,18,4
2288,119,6
2289,0,3
2290,41,6
2291,0,3
2292,37,5
2293,3,3
2294,0,3
2295,26,5
2296,12,3
2297,46,6
2298,0,3
2299,10,3
2300,23,5
2301,0,3
2302,13,4
2303,0,3
2304,3,3
2305,42,4
2306,52,4
2307,15,6
2308,0,3
2309,20,6
2310,35,5
2311,21,3
2312,20,4
2313,23,4
2314,14,5
2315,8,4
2316,0,3
2317,19,5
2318,15,4
2319,0,3
2320,16,5
2321,20,5
2322,0,3
2323,0,3
2324,7,5
2325,3,4
2326,10,5
2327,49,6
2328,0,3
2329,8,5
2330,26,5
2331,45,5
2332,0,3
2333,0,3
2334,15,5
2335,20,4
2336,44,5
2337,11,5
2338,12,6
2339,0,3
2340,0,3
2341,0,3
2342,22,6
2343,0,3
2344,0,3
2345,0,3
2346,41,5
2347,3,3
2348,27,6
2349,83,6
2350,4,4
2351,0,3
2352,105,11
2353,4,3
2354,0,3
2355,14,3
2356,0,3
2357,0,3
2358,51,5
2359,5,4
2360,0,3
2361,0,3
2362,59,5
2363,16,3
2364,0,3
2365,0,3
2366,7,3
2367,25,8
2368,0,3
2369,45,7
2370,30,7
2371,0,3
2372,6,3
2373,0,3
2374,34,7
2375,27,1
2376,0,3
2377,0,3
2378,0,3
2379,0,3
2380,0,3
2381,25,4
2382,12,3
2383,40,6
2384,5,4
2385,0,3
2386,61,6
2387,0,3
2388,26,5
2389,1,3
2390,36,8
2391,0,3
2392,0,3
2393,0,3
2394,15,5
2395,72,8
2396,2,3
2397,5,3
2398,36,6
2399,0,3
2400,17,3
2401,39,3
2402,3,3
2403,29,5
2404,0,3
2405,0,3
2406,13,4
2407,15,4
2408,10,6
2409,7,3
2410,42,4
2411,48,5
2412,38,4
2413,41,7
2414,22,5
2415,15,6
2416,26,3
2417,0,3
2418,9,5
2419,70,6
2420,4,3
2421,0,3
2422,0,3
2423,0,3
2424,6,3
2425,121,3
2426,14,4
2427,14,4
2428,0,3
2429,59,4
2430,0,3
2431,6,4
2432,0,3
2433,0,3
2434,0,3
2435,3,3
2436,21,3
2437,9,4
2438,0,3
2439,18,5
2440,10,3
2441,0,3
2442,23,5
2443,0,3
2444,83,4
2445,7,4
2446,45,8
2447,0,3
2448,23,5
2449,44,3
2450,13,6
2451,6,3
2452,0,3
2453,18,7
2454,0,3
2455,5,4
2456,0,3
2457,9,5
2458,2,3
2459,17,7
2460,0,3
2461,0,3
2462,4,4
2463,0,3
2464,49,7
2465,0,3
2466,0,3
2467,33,7
2468,0,3
2469,17,5
2470,22,5
2471,0,3
2472,11,4
2473,42,9
2474,22,5
2475,47,5
2476,0,3
2477,6,3
2478,1,3
2479,0,3
2480,0,3
2481,0,3
2482,0,3
2483,0,3
2484,27,5
2485,0,3
2486,13,4
2487,0,3
2488,0,3
2489,0,3
2490,0,3
2491,8,4
2492,57,8
2493,0,3
2494,0,3
2495,0,3
2496,50,6
2497,1,3
2498,7,4
2499,0,3
2500,1,3
2501,23,6
2502,0,3
2503,27,5
2504,0,3
2505,29,7
2506,31,7
2507,0,3
2508,22,4
2509,17,4
2510,0,3
2511,21,5
2512,1,3
2513,21,6
2514,0,3
2515,36,5
2516,26,5
2517,0,3
2518,0,3
2519,108,7
2520,38,5
2521,0,3
2522,0,3
2523,25,4
2524,0,3
2525,0,3
2526,95,6
2527,1,3
2528,0,3
2529,23,5
2530,3,3
2531,9,3
2532,24,3
2533,3,3
2534,2,4
2535,16,5
2536,20,3
2537,11,4
2538,0,3
2539,0,3
2540,9,4
2541,0,3
2542,4,4
2543,4,3
2544,0,3
2545,18,5
2546,6,3
2547,0,3
2548,32,3
2549,0,3
2550,0,3
2551,53,9
2552,41,5
2553,38,5
2554,13,6
2555,0,3
2556,0,3
2557,95,6
2558,0,3
2559,10,3
2560,12,5
2561,14,3
2562,18,6
2563,24,5
2564,0,3
2565,7,4
2566,0,3
2567,0,3
2568,11,4
2569,0,3
2570,14,5
2571,11,4
2572,38,7
2573,69,6
2574,0,3
2575,0,3
2576,47,5
2577,9,3
2578,16,5
2579,0,3
2580,0,3
2581,8,4
2582,0,3
2583,5,4
2584,7,3
2585,14,3
2586,14,4
2587,0,3
2588,15,4
2589,80,6
2590,0,3
2591,0,3
2592,11,3
2593,23,6
2594,36,7
2595,0,3
2596,0,3
2597,0,3
2598,12,3
2599,0,3
2600,30,5
2601,0,3
2602,16,4
2603,10,2
2604,0,3
2605,10,3
2606,10,4
2607,49,8
2608,14,4
2609,49,6
2610,40,5
2611,29,5
2612,3,3
2613,10,4
2614,15,6
2615,23,4
2616,0,3
2617,17,4
2618,0,3
2619,0,3
2620,0,3
2621,0,3
2622,0,3
2623,26,6
2624,1,3
2625,42,6
2626,40,8
2627,0,3
2628,0,3
2629,33,7
2630,0,3
2631,34,6
2632,0,3
2633,22,3
2634,9,2
2635,55,4
2636,82,15
2637,24,5
2638,25,8
2639,0,3
2640,0,3
2641,0,3
2642,0,3
2643,1,3
2644,23,6
2645,26,5
2646,18,5
2647,15,4
2648,0,3
2649,45,8
2650,29,8
2651,0,3
2652,20,5
2653,24,5
2654,45,4
2655,34,7
2656,25,5
2657,0,3
2658,0,3
2659,0,3
2660,124,6
2661,0,3
2662,41,5
2663,13,4
2664,0,3
2665,45,9
2666,0,3
2667,10,4
2668,0,3
2669,19,4
2670,0,3
2671,0,3
2672,0,3
2673,66,6
2674,2,3
2675,0,3
2676,79,5
2677,17,5
2678,25,6
2679,20,7
2680,25,5
2681,30,6
2682,29,7
2683,3,3
2684,2,3
2685,15,5
2686,31,4
2687,37,6
2688,25,6
2689,63,5
2690,16,5
2691,0,3
2692,2,3
2693,1,3
2694,0,3
2695,8,4
2696,53,4
2697,8,6
2698,30,6
2699,19,5
2700,0,3
2701,0,3
2702,0,3
2703,49,7
2704,66,9
2705,41,6
2706,24,4
2707,49,7
2708,72,10
2709,11,3
2710,44,7
2711,59,5
2712,78,4
2713,0,3
2714,1,3
2715,13,4
2716,0,3
2717,0,3
2718,42,6
2719,20,4
2720,1,3
2721,0,3
2722,0,3
2723,0,3
2724,15,4
2725,9,4
2726,0,3
2727,9,3
2728,0,3
2729,0,3
2730,16,3
2731,0,3
2732,0,3
2733,39,6
2734,0,3
2735,1,3
2736,0,3
2737,0,3
2738,2,3
2739,0,3
2740,0,3
2741,27,5
2742,7,4
2743,37,6
2744,0,3
2745,0,3
2746,28,5
2747,8,4
2748,1,3
2749,28,8
2750,4,3
2751,0,3
2752,0,3
2753,4,3
2754,0,3
2755,0,3
2756,16,6
2757,8,4
2758,4,3
2759,8,5
2760,59,5
2761,1,3
2762,0,3
2763,29,6
2764,0,3
2765,4,3
2766,0,3
2767,0,3
2768,45,3
2769,0,3
2770,0,3
2771,0,3
2772,59,8
2773,22,3
2774,0,3
2775,0,3
2776,47,6
2777,49,7
2778,0,3
2779,0,3
2780,4,3
2781,2,3
2782,0,3
2783,0,3
2784,34,7
2785,0,3
2786,0,3
2787,9,4
2788,2,3
2789,14,7
2790,0,3
2791,23,5
2792,0,3
2793,0,3
2794,0,3
2795,16,4
2796,39,8
2797,50,6
2798,0,3
2799,0,3
2800,94,5
2801,0,3
2802,0,3
2803,58,8
2804,10,4
2805,15,5
2806,10,4
2807,0,3
2808,5,3
2809,5,4
2810,0,3
2811,0,3
2812,5,3
2813,8,2
2814,18,5
2815,0,3
2816,24,5
2817,1,3
2818,17,5
2819,45,7
2820,19,6
2821,68,9
2822,0,3
2823,13,4
2824,40,4
2825,34,4
2826,3,3
2827,26,5
2828,65,6
2829,48,9
2830,66,3
2831,0,3
2832,20,5
2833,9,4
2834,36,8
2835,32,5
2836,0,3
2837,0,3
2838,0,3
2839,0,3
2840,6,4
2841,11,5
2842,0,3
2843,25,2
2844,0,3
2845,0,3
2846,0,3
2847,1,3
2848,94,10
2849,18,5
2850,36,7
2851,0,3
2852,37,7
2853,0,3
2854,1,3
2855,0,3
2856,0,3
2857,13,3
2858,82,6
2859,36,3
2860,27,4
2861,0,3
2862,68,8
2863,0,3
2864,20,5
2865,26,5
2866,35,4
2867,25,4
2868,24,6
2869,1,3
2870,20,5
2871,13,4
2872,11,3
2873,2,3
2874,6,3
2875,16,4
2876,58,8
2877,0,3
2878,16,4
2879,0,3
2880,78,9
2881,32,7
2882,47,5
2883,23,5
2884,0,3
2885,49,8
2886,57,8
2887,0,3
2888,0,3
2889,0,3
2890,53,11
2891,0,3
2892,11,6
2893,9,3
2894,39,4
2895,0,3
2896,0,3
2897,24,7
2898,0,3
2899,13,3
2900,49,7
2901,26,5
2902,0,3
2903,4,3
2904,29,6
2905,26,6
2906,0,3
2907,10,5
2908,0,3
2909,34,5
2910,16,5
2911,49,8
2912,1,3
2913,0,3
2914,24,5
2915,56,5
2916,70,8
2917,6,3
2918,10,4
2919,6,3
2920,0,3
2921,25,7
2922,21,5
2923,0,3
2924,52,11
2925,0,3
2926,0,3
2927,14,5
2928,0,3
2929,0,3
2930,0,3
2931,0,3
2932,0,3
2933,24,7
2934,25,2
2935,0,3
2936,42,8
2937,0,3
2938,1,4
2939,32,7
2940,0,3
2941,75,8
2942,28,6
2943,68,13
2944,41,4
2945,18,6
2946,18,4
2947,9,3
2948,1,3
2949,22,5
2950,0,3
2951,6,4
2952,27,5
2953,3,4
2954,25,8
2955,0,3
2956,9,4
2957,6,3
2958,24,5
2959,25,6
2960,0,3
2961,0,3
2962,38,7
2963,37,6
2964,4,3
2965,13,5
2966,12,4
2967,23,8
2968,51,5
2969,213,9
2970,59,6
2971,10,4
2972,69,9
2973,0,3
2974,27,6
2975,12,4
2976,12,4
2977,0,3
2978,0,3
2979,0,3
2980,20,5
2981,23,5
2982,39,8
2983,5,5
2984,30,5
2985,0,3
2986,53,7
2987,0,3
2988,0,3
2989,4,3
2990,33,4
2991,68,8
2992,0,3
2993,0,3
2994,9,3
2995,23,6
2996,38,4
2997,11,5
2998,3,3
2999,21,3
3000,30,7
3001,28,7
3002,34,4
3003,66,7
3004,11,4
3005,4,3
3006,10,3
3007,1,3
3008,58,7
3009,28,5
3010,49,4
3011,17,4
3012,0,3
3013,49,8
3014,15,6
3015,84,6
3016,37,5
3017,0,3
3018,37,8
3019,43,6
3020,0,3
3021,0,3
3022,0,3
3023,18,5
3024,0,3
3025,47,11
3026,3,3
3027,74,7
3028,46,6
3029,0,3
3030,104,8
3031,0,3
3032,14,3
3033,0,3
3034,0,3
3035,21,3
3036,34,6
3037,20,4
3038,0,3
3039,60,8
3040,7,4
3041,0,3
3042,12,5
3043,0,3
3044,0,3
3045,58,6
3046,36,4
3047,41,6
3048,71,9
3049,2,3
3050,0,3
3051,0,3
3052,0,3
3053,39,9
3054,35,5
3055,1,3
3056,27,6
3057,54,8
3058,12,3
3059,0,3
3060,0,3
3061,0,3
3062,31,5
3063,0,3
3064,39,9
3065,0,3
3066,0,3
3067,0,3
3068,1,3
3069,21,7
3070,67,7
3071,11,5
3072,12,4
3073,27,7
3074,51,7
3075,21,5
3076,63,7
3077,0,3
3078,0,3
3079,0,3
3080,68,9
3081,5,3
3082,0,3
3083,0,3
3084,29,6
3085,2,3
3086,12,5
3087,0,3
3088,37,6
3089,0,3
3090,0,3
3091,0,3
3092,0,3
3093,81,6
3094,37,7
3095,0,3
3096,29,4
3097,0,3
3098,25,7
3099,15,4
3100,1,3
3101,0,3
3102,66,8
3103,1,3
3104,52,8
3105,0,3
3106,22,5
3107,18,5
3108,0,3
3109,0,3
3110,18,5
3111,0,3
3112,33,5
3113,21,5
3114,0,3
3115,1,3
3116,29,6
3117,52,10
3118,36,6
3119,0,3
3120,46,7
3121,135,11
3122,0,3
3123,0,3
3124,12,5
3125,56,6
3126,0,3
3127,106,11
3128,0,3
3129,53,5
3130,51,8
3131,41,9
3132,0,3
3133,0,3
3134,0,3
3135,31,5
3136,10,3
3137,20,6
3138,0,3
3139,8,4
3140,0,3
3141,0,3
3142,24,5
3143,0,3
3144,62,4
3145,1,3
3146,3,3
3147,0,3
3148,19,2
3149,12,5
3150,13,6
3151,26,6
3152,31,7
3153,0,3
3154,0,3
3155,7,4
3156,80,11
3157,8,5
3158,80,4
3159,8,4
3160,37,8
3161,59,10
3162,31,5
3163,37,8
3164,25,5
3165,1,3
3166,19,4
3167,0,3
3168,8,3
3169,16,3
3170,3,3
3171,40,9
3172,20,4
3173,40,4
3174,17,4
3175,0,3
3176,34,5
3177,28,5
3178,18,5
3179,86,10
3180,22,7
3181,4,3
3182,29,6
3183,14,5
3184,32,7
3185,45,8
3186,17,4
3187,33,4
3188,19,5
3189,0,3
3190,38,8
3191,20,4
3192,36,3
3193,0,3
3194,0,3
3195,48,6
3196,13,4
3197,0,3
3198,0,3
3199,2,3
3200,0,3
3201,36,6
3202,40,6
3203,0,3
3204,0,3
3205,0,3
3206,15,4
3207,25,7
3208,0,3
3209,67,8
3210,43,5
3211,3,3
3212,1,3
3213,50,11
3214,0,3
3215,8,3
3216,0,3
3217,1,4
3218,0,3
3219,0,3
3220,0,3
3221,26,7
3222,58,5
3223,2,3
3224,49,6
3225,1,3
3226,28,5
3227,0,3
3228,0,3
3229,0,3
3230,1,3
3231,12,5
3232,0,3
3233,30,5
3234,0,3
3235,0,3
3236,16,4
3237,14,4
3238,32,10
3239,0,3
3240,0,3
3241,0,3
3242,0,3
3243,57,8
3244,0,3
3245,14,7
3246,12,5
3247,0,3
3248,47,10
3249,0,3
3250,0,3
3251,10,4
3252,1,3
3253,11,4
3254,53,9
3255,16,4
3256,32,5
3257,42,6
3258,0,3
3259,0,3
3260,33,7
3261,0,3
3262,53,12
3263,0,3
3264,0,3
3265,0,3
3266,54,8
3267,0,3
3268,0,3
3269,72,11
3270,44,3
3271,1,3
3272,0,3
3273,104,8
3274,52,8
3275,19,4
3276,0,3
3277,0,3
3278,11,6
3279,24,7
3280,28,5
3281,6,3
3282,8,5
3283,0,3
3284,27,6
3285,63,8
3286,0,3
3287,0,3
3288,23,6
3289,6,4
3290,18,6
3291,28,4
3292,54,6
3293,42,4
3294,0,3
3295,75,7
3296,0,3
3297,91,8
3298,0,3
3299,13,5
3300,0,3
3301,64,7
3302,0,3
3303,8,3
3304,0,3
3305,0,3
3306,0,3
3307,0,3
3308,62,7
3309,0,3
3310,22,4
3311,1,3
3312,51,6
3313,62,10
3314,24,4
3315,26,3
3316,51,7
3317,42,7
3318,59,7
3319,0,3
3320,0,3
3321,0,3
3322,23,6
3323,28,6
3324,0,3
3325,35,7
3326,82,4
3327,118,10
3328,0,3
3329,0,3
3330,28,4
3331,2,3
3332,0,3
3333,65,8
3334,0,3
3335,0,3
3336,6,4
3337,1,3
3338,12,4
3339,22,6
3340,35,6
3341,81,9
3342,0,3
3343,33,5
3344,22,5
3345,0,3
3346,3,3
3347,81,11
3348,17,4
3349,0,3
3350,52,7
3351,13,4
3352,70,10
3353,65,11
3354,92,9
3355,67,4
3356,1,3
3357,12,3
3358,0,3
3359,8,5
3360,38,5
3361,35,9
3362,0,3
3363,0,3
3364,5,4
3365,46,7
3366,0,3
3367,42,7
3368,3,4
3369,24,5
3370,0,3
3371,0,3
3372,0,3
3373,0,3
3374,52,6
3375,44,7
3376,37,7
3377,0,3
3378,0,3
3379,19,4
3380,0,3
3381,12,3
3382,28,7
3383,32,4
3384,0,3
3385,0,3
3386,45,7
3387,0,3
3388,124,7
3389,13,5
3390,0,3
3391,46,7
3392,0,3
3393,10,4
3394,2,3
3395,1,3
3396,33,7
3397,23,4
3398,0,3
3399,39,6
3400,34,8
3401,29,5
3402,25,8
3403,53,8
3404,43,9
3405,0,3
3406,0,3
3407,0,3
3408,65,5
3409,0,3
3410,33,7
3411,34,9
3412,15,4
3413,0,3
3414,45,9
3415,12,4
3416,29,4
3417,0,3
3418,22,5
3419,0,3
3420,55,9
3421,23,3
3422,0,3
3423,35,8
3424,4,3
3425,57,6
3426,59,6
3427,0,3
3428,0,3
3429,35,6
3430,62,8
3431,0,3
3432,51,7
3433,74,8
3434,0,3
3435,42,4
3436,0,3
3437,43,8
3438,45,7
3439,32,5
3440,17,3
3441,0,3
3442,0,3
3443,0,3
3444,65,5
3445,16,4
3446,58,3
3447,0,3
3448,64,8
3449,0,3
3450,38,7
3451,0,3
3452,69,5
3453,94,6
3454,0,3
3455,62,5
3456,17,5
3457,0,3
3458,44,5
3459,6,3
3460,0,3
3461,27,4
3462,0,3
3463,18,4
3464,0,3
3465,0,3
3466,43,7
3467,0,3
3468,60,8
3469,0,3
3470,50,6
3471,16,3
3472,47,7
3473,37,7
3474,36,7
3475,5,3
3476,2,3
3477,40,8
3478,17,3
3479,55,10
3480,27,5
3481,53,8
3482,0,3
3483,62,6
3484,0,3
3485,0,3
3486,0,3
3487,52,5
3488,7,6
3489,0,3
3490,13,3
3491,0,3
3492,30,5
3493,24,5
3494,0,3
3495,23,6
3496,0,3
3497,46,7
3498,0,3
3499,0,3
3500,0,3
3501,27,6
3502,37,6
3503,0,3
3504,0,3
3505,0,3
3506,45,5
3507,130,16
3508,3,3
3509,56,8
3510,0,3
3511,0,3
3512,10,4
3513,0,3
3514,61,5
3515,57,6
3516,0,3
3517,17,5
3518,0,3
3519,5,4
3520,45,8
3521,0,3
3522,0,3
3523,0,3
3524,72,4
3525,0,3
3526,0,3
3527,0,3
3528,0,3
3529,0,3
3530,6,4
3531,91,9
3532,0,3
3533,18,5
3534,59,5
3535,0,3
3536,0,3
3537,12,5
3538,106,6
3539,66,8
3540,50,6
3541,50,7
3542,0,3
3543,90,13
3544,51,10
3545,2,3
3546,0,3
3547,0,3
3548,61,9
3549,0,3
3550,0,3
3551,0,3
3552,110,14
3553,82,9
3554,20,3
3555,46,7
3556,18,5
3557,14,7
3558,0,3
3559,12,3
3560,0,3
3561,0,3
3562,14,6
3563,0,3
3564,0,3
3565,27,7
3566,0,3
3567,21,4
3568,0,3
3569,31,7
3570,43,9
3571,84,7
3572,0,3
3573,30,5
3574,42,6
3575,0,3
3576,52,9
3577,0,3
3578,6,3
3579,94,17
3580,29,5
3581,0,3
3582,0,3
3583,17,5
3584,55,12
3585,0,3
3586,4,3
3587,0,3
3588,0,3
3589,39,6
3590,0,3
3591,58,8
3592,0,3
3593,0,3
3594,46,7
3595,0,3
3596,63,9
3597,30,5
3598,38,6
3599,18,5
3600,108,7
3601,0,3
3602,45,7
3603,1,3
3604,21,3
3605,36,6
3606,67,8
3607,0,3
3608,76,9
3609,15,6
3610,0,3
3611,0,3
3612,21,4
3613,67,9
3614,13,4
3615,0,3
3616,28,5
3617,27,6
3618,18,5
3619,125,8
3620,0,3
3621,17,5
3622,68,8
3623,43,4
3624,80,11
3625,30,7
3626,0,3
3627,57,4
3628,35,4
3629,0,3
3630,0,3
3631,29,7
3632,44,7
3633,5,4
3634,46,8
3635,0,3
3636,0,3
3637,28,6
3638,0,3
3639,20,7
3640,10,3
3641,80,9
3642,0,3
3643,0,3
3644,13,4
3645,57,9
3646,30,7
3647,0,3
3648,107,12
3649,38,8
3650,19,6
3651,31,6
3652,22,6
3653,25,7
3654,0,3
3655,0,3
3656,0,3
3657,58,11
3658,14,4
3659,18,6
3660,0,3
3661,62,7
3662,116,9
3663,0,3
3664,0,3
3665,40,5
3666,36,7
3667,0,3
3668,70,10
3669,26,4
3670,55,8
3671,0,3
3672,72,9
3673,94,4
3674,0,3
3675,0,3
3676,28,8
3677,49,7
3678,14,4
3679,48,8
3680,13,5
3681,5,5
3682,14,5
3683,23,6
3684,57,5
3685,2,3
3686,24,7
3687,0,3
3688,0,3
3689,0,3
3690,49,4
3691,11,4
3692,0,3
3693,43,6
3694,55,9
3695,0,3
3696,0,3
3697,0,3
3698,0,3
3699,32,8
3700,90,9
3701,0,3
3702,0,3
3703,71,9
3704,53,7
3705,0,3
3706,16,3
3707,55,8
3708,55,9
3709,49,4
3710,0,3
3711,0,3
3712,12,5
3713,63,9
3714,31,7
3715,0,3
3716,92,7
3717,0,3
3718,48,6
3719,50,6
3720,75,4
3721,6,3
3722,69,7
3723,0,3
3724,19,5
3725,56,12
3726,32,7
3727,10,4
3728,24,7
3729,0,3
3730,0,3
3731,0,3
3732,9,3
3733,0,3
3734,0,3
3735,0,3
3736,25,6
3737,48,7
3738,0,3
3739,44,8
3740,0,3
3741,32,7
3742,22,5
3743,0,3
3744,6,6
3745,33,8
3746,0,3
3747,0,3
3748,0,3
3749,33,6
3750,0,3
3751,14,5
3752,66,11
3753,53,9
3754,23,3
3755,43,7
3756,0,3
3757,26,7
3758,43,9
3759,0,3
3760,0,3
3761,52,8
3762,0,3
3763,0,3
3764,87,5
3765,42,8
3766,90,9
3767,3,3
3768,0,3
3769,26,6
3770,9,3
3771,0,3
3772,55,8
3773,0,3
3774,0,3
3775,44,9
3776,19,5
3777,66,6
3778,20,3
3779,50,7
3780,40,5
3781,93,11
3782,21,4
3783,20,5
3784,3,2
3785,0,3
3786,35,9
3787,16,3
3788,0,3
3789,34,4
3790,4,3
3791,19,5
3792,0,3
3793,76,10
3794,0,3
3795,93,7
3796,11,4
3797,90,7
3798,48,8
3799,7,4
3800,0,3
3801,19,5
3802,0,3
3803,36,4
3804,59,7
3805,46,8
3806,79,5
3807,0,3
3808,63,7
3809,61,9
3810,53,10
3811,0,3
3812,20,6
3813,67,8
3814,42,4
3815,70,8
3816,50,8
3817,93,8
3818,45,5
3819,19,3
3820,0,3
3821,72,11
3822,14,4
3823,18,5
3824,0,3
3825,6,3
3826,36,4
3827,41,6
3828,0,3
3829,83,11
3830,59,8
3831,0,3
3832,0,3
3833,25,5
3834,19,4
3835,16,4
3836,0,3
3837,65,8
3838,0,3
3839,11,4
3840,79,6
3841,27,3
3842,0,3
3843,4,3
3844,12,5
3845,14,4
3846,0,3
3847,0,3
3848,0,3
3849,56,6
3850,24,5
3851,4,3
3852,36,4
3853,25,5
3854,0,3
3855,0,3
3856,0,3
3857,0,3
3858,61,11
3859,0,3
3860,34,7
3861,0,3
3862,0,3
3863,0,3
3864,27,6
3865,0,3
3866,0,3
3867,29,6
3868,64,9
3869,36,8
3870,0,3
3871,29,5
3872,13,3
3873,116,12
3874,0,3
3875,10,4
3876,0,3
3877,25,5
3878,0,3
3879,0,3
3880,46,8
3881,0,3
3882,0,3
3883,75,11
3884,0,3
3885,21,8
3886,1,3
3887,0,3
3888,0,3
3889,0,3
3890,5,3
3891,0,3
3892,0,3
3893,31,7
3894,0,3
3895,49,8
3896,92,11
3897,0,3
3898,24,4
3899,0,3
3900,0,3
3901,50,14
3902,8,4
3903,0,3
3904,46,6
3905,0,3
3906,47,8
3907,12,5
3908,61,8
3909,0,3
3910,0,3
3911,5,4
3912,0,3
3913,0,3
3914,0,3
3915,19,4
3916,0,3
3917,0,3
3918,15,4
3919,0,3
3920,0,3
3921,0,3
3922,10,5
3923,0,3
3924,99,6
3925,81,12
3926,61,10
3927,0,3
3928,32,8
3929,8,3
3930,12,5
3931,44,9
3932,0,3
3933,29,4
3934,0,3
3935,57,8
3936,44,7
3937,12,4
3938,0,3
3939,32,9
3940,0,3
3941,30,6
3942,79,14
3943,26,8
3944,16,3
3945,46,9
3946,0,3
3947,49,7
3948,0,3
3949,93,11
3950,30,7
3951,0,3
3952,0,3
3953,33,7
3954,65,8
3955,0,3
3956,28,6
3957,0,3
3958,0,3
3959,42,6
3960,26,5
3961,0,3
3962,0,3
3963,0,3
3964,0,3
3965,34,4
3966,0,3
3967,58,10
3968,19,5
3969,70,11
3970,13,5
3971,0,3
3972,16,3
3973,17,5
3974,38,8
3975,0,3
3976,27,5
3977,41,8
3978,3,3
3979,0,3
3980,70,10
3981,0,3
3982,80,8
3983,79,15
3984,0,3
3985,0,3
3986,29,7
3987,35,9
3988,6,3
3989,0,3
3990,0,3
3991,0,3
3992,31,6
3993,24,6
3994,0,3
3995,58,9
3996,5,3
3997,62,9
3998,92,5
3999,51,5
4000,45,8
4001,0,3
4002,32,8
4003,3,3
4004,115,10
4005,33,5
4006,16,5
4007,47,7
4008,0,3
4009,49,6
4010,0,3
4011,60,9
4012,0,3
4013,0,3
4014,0,3
4015,107,11
4016,0,3
4017,53,11
4018,1000,1
4019,57,8
4020,38,7
4021,12,6
4022,0,3
4023,0,3
4024,54,5
4025,0,3
4026,52,5
4027,0,3
4028,89,14
4029,0,3
4030,18,4
4031,34,7
4032,0,3
4033,24,7
4034,82,7
4035,83,8
4036,0,3
4037,74,13
4038,15,5
4039,53,7
4040,111,13
4041,52,8
4042,0,3
4043,0,3
4044,0,3
4045,1,3
4046,0,3
4047,0,3
4048,73,9
4049,29,6
4050,9,5
4051,34,6
4052,0,3
4053,18,5
4054,50,8
4055,41,8
4056,51,9
4057,0,3
4058,0,3
4059,21,5
4060,62,10
4061,0,3
4062,0,3
4063,34,8
4064,34,5
4065,12,5
4066,30,7
4067,0,3
4068,39,8
4069,0,3
4070,78,10
4071,8,4
4072,0,3
4073,0,3
4074,38,7
4075,0,3
4076,85,7
4077,75,9
4078,35,8
4079,0,3
4080,85,10
4081,178,12
4082,0,3
4083,0,3
4084,0,3
4085,1,3
4086,0,3
4087,0,3
4088,45,8
4089,133,14
4090,0,3
4091,24,4
4092,70,8
4093,0,3
4094,0,3
4095,0,3
4096,31,6
4097,0,3
4098,83,11
4099,45,8
4100,0,3
4101,50,7
4102,39,9
4103,0,3
4104,11,3
4105,34,8
4106,58,9
4107,109,10
4108,105,12
4109,83,7
4110,0,3
4111,0,3
4112,40,8
4113,0,3
4114,0,3
4115,85,11
4116,43,11
4117,0,3
4118,33,6
4119,49,9
4120,65,7
4121,84,8
4122,0,3
4123,0,3
4124,94,12
4125,0,3
4126,0,3
4127,0,3
4128,0,3
4129,0,3
4130,111,4
4131,14,4
4132,4,3
4133,31,8
4134,78,15
4135,0,3
4136,4,3
4137,0,3
4138,88,8
4139,0,3
4140,63,9
4141,64,7
4142,132,13
4143,47,7
4144,0,3
4145,0,3
4146,0,3
4147,90,11
4148,0,3
4149,26,5
4150,15,5
4151,1,3
4152,23,6
4153,49,6
4154,0,3
4155,0,3
4156,60,11
4157,56,9
4158,0,3
4159,26,7
4160,16,5
4161,64,2
4162,9,4
4163,0,3
4164,0,3
4165,0,3
4166,80,8
4167,73,14
4168,7,4
4169,1,3
4170,14,3
4171,8,4
4172,0,3
4173,8,5
4174,0,3
4175,0,3
4176,7,3
4177,66,9
4178,104,9
4179,0,3
4180,17,4
4181,0,3
4182,150,9
4183,80,11
4184,0,3
4185,0,3
4186,137,15
4187,22,6
4188,41,6
4189,21,4
4190,0,3
4191,0,3
4192,20,5
4193,8,4
4194,71,9
4195,0,3
4196,32,9
4197,0,3
4198,102,13
4199,0,3
4200,62,7
4201,146,9
4202,0,3
4203,62,10
4204,10,4
4205,0,3
4206,0,3
4207,0,3
4208,17,5
4209,0,3
4210,46,10
4211,27,6
4212,0,3
4213,6,3
4214,0,3
4215,75,10
4216,20,4
4217,49,6
4218,18,6
4219,16,3
4220,67,11
4221,53,5
4222,64,10
4223,25,7
4224,0,3
4225,7,4
4226,98,8
4227,0,3
4228,53,9
4229,39,7
4230,43,5
4231,19,5
4232,47,8
4233,36,7
4234,0,3
4235,0,3
4236,0,3
4237,0,3
4238,99,11
4239,43,8
4240,0,3
4241,0,3
4242,45,7
4243,5,5
4244,2,3
4245,110,15
4246,38,8
4247,145,8
4248,27,5
4249,0,3
4250,0,3
4251,0,3
4252,0,3
4253,72,10
4254,52,7
4255,51,11
4256,0,3
4257,0,3
4258,0,3
4259,71,7
4260,0,3
4261,0,3
4262,0,3
4263,0,3
4264,27,6
4265,0,3
4266,0,3
4267,78,11
4268,61,8
4269,2,3
4270,0,3
4271,14,5
4272,12,4
4273,0,3
4274,1,4
4275,15,5
4276,1,3
4277,2,3
4278,114,11
4279,32,6
4280,146,15
4281,0,3
4282,0,3
4283,67,10
4284,22,5
4285,0,3
4286,0,3
4287,75,10
4288,0,3
4289,109,15
4290,0,3
4291,0,3
4292,0,3
4293,66,10
4294,123,9
4295,0,3
4296,20,5
4297,76,13
4298,0,3
4299,0,3
4300,0,3
4301,9,3
4302,0,3
4303,45,10
4304,0,3
4305,48,9
4306,65,7
4307,30,6
4308,47,9
4309,0,3
4310,0,3
4311,136,11
4312,2,3
4313,0,3
4314,24,4
4315,66,8
4316,0,3
4317,79,8
4318,26,3
4319,31,4
4320,52,10
4321,0,3
4322,19,7
4323,0,3
4324,45,8
4325,46,3
4326,33,5
4327,17,4
4328,0,3
4329,72,8
4330,84,10
4331,104,6
4332,0,3
4333,66,12
4334,66,8
4335,27,6
4336,5,3
4337,0,3
4338,3,3
4339,91,14
4340,81,11
4341,145,12
4342,0,3
4343,58,8
4344,33,4
4345,39,8
4346,39,6
4347,39,6
4348,0,3
4349,86,7
4350,0,3
4351,0,3
4352,38,7
4353,56,8
4354,55,7
4355,1,3
4356,35,8
4357,59,9
4358,0,3
4359,1,4
4360,0,3
4361,21,6
4362,13,5
4363,52,11
4364,71,4
4365,0,3
4366,50,10
4367,13,4
4368,25,5
4369,101,9
4370,0,3
4371,0,3
4372,0,3
4373,44,6
4374,112,14
4375,62,9
4376,0,3
4377,164,14
4378,1,3
4379,0,3
4380,0,3
4381,0,3
4382,0,3
4383,0,3
4384,0,3
4385,81,12
4386,32,5
4387,106,11
4388,78,12
4389,0,3
4390,1,3
4391,72,11
4392,0,3
4393,49,6
4394,55,11
4395,1,4
4396,20,4
4397,52,5
4398,0,3
4399,25,5
4400,2,3
4401,26,7
4402,36,8
4403,0,3
4404,76,7
4405,0,3
4406,75,10
4407,0,3
4408,22,4
4409,1,3
4410,0,3
4411,60,8
4412,0,3
4413,11,3
4414,0,3
4415,39,9
4416,1,3
4417,91,10
4418,23,7
4419,40,9
4420,86,12
4421,29,5
4422,112,5
4423,0,3
4424,0,3
4425,0,3
4426,0,3
4427,2,3
4428,56,9
4429,17,4
4430,51,10
4431,6,4
4432,60,10
4433,0,3
4434,17,6
4435,0,3
4436,18,4
4437,41,8
4438,8,5
4439,95,11
4440,130,11
4441,0,3
4442,0,3
4443,0,3
4444,79,9
4445,121,13
4446,54,8
4447,89,13
4448,13,5
4449,31,7
4450,0,3
4451,71,11
4452,0,3
4453,0,3
4454,101,14
4455,40,7
4456,46,5
4457,57,7
4458,0,3
4459,21,6
4460,0,3
4461,78,12
4462,0,3
4463,0,3
4464,0,3
4465,31,8
4466,0,3
4467,13,4
4468,0,3
4469,84,14
4470,35,8
4471,0,3
4472,20,6
4473,99,8
4474,3,4
4475,0,3
4476,48,8
4477,81,5
4478,0,3
4479,92,12
4480,21,5
4481,0,3
4482,65,12
4483,46,6
4484,0,3
4485,39,8
4486,121,8
4487,147,15
4488,0,3
4489,0,3
4490,37,7
4491,67,6
4492,73,6
4493,64,10
4494,114,12
4495,3,3
4496,0,3
4497,93,11
4498,125,11
4499,72,12
4500,0,3
4501,80,8
4502,15,4
4503,0,3
4504,0,3
4505,68,4
4506,82,12
4507,0,3
4508,0,3
4509,0,3
4510,84,9
4511,36,8
4512,41,8
4513,73,13
4514,0,3
4515,65,7
4516,0,3
4517,0,3
4518,33,6
4519,95,5
4520,0,3
4521,43,8
4522,50,6
4523,27,6
4524,31,4
4525,36,6
4526,0,3
4527,24,5
4528,0,3
4529,55,10
4530,29,7
4531,0,3
4532,0,3
4533,52,7
4534,52,9
4535,47,8
4536,39,6
4537,99,14
4538,13,4
4539,36,5
4540,81,6
4541,4,3
4542,0,3
4543,0,3
4544,44,8
4545,96,11
4546,113,15
4547,34,5
4548,77,13
4549,88,14
4550,9,3
4551,0,3
4552,0,3
4553,26,4
4554,5,4
4555,0,3
4556,38,5
4557,126,9
4558,33,7
4559,78,13
4560,0,3
4561,0,3
4562,19,6
4563,0,3
4564,0,3
4565,0,3
4566,0,3
4567,90,6
4568,85,10
4569,59,8
4570,47,6
4571,124,11
4572,0,3
4573,0,3
4574,0,3
4575,21,6
4576,39,10
4577,0,3
4578,0,3
4579,0,3
4580,43,9
4581,0,3
4582,133,7
4583,44,5
4584,0,3
4585,74,11
4586,60,10
4587,25,6
4588,36,3
4589,36,6
4590,0,3
4591,0,3
4592,55,11
4593,0,3
4594,0,3
4595,0,3
4596,18,4
4597,0,3
4598,50,7
4599,51,8
4600,0,3
4601,76,8
4602,53,10
4603,23,6
4604,35,7
4605,18,5
4606,68,15
4607,0,3
4608,80,11
4609,0,3
4610,10,5
4611,0,3
4612,0,3
4613,0,3
4614,0,3
4615,19,6
4616,171,21
4617,111,9
4618,39,6
4619,0,3
4620,151,9
4621,46,9
4622,0,3
4623,0,3
4624,0,3
4625,36,8
4626,84,11
4627,0,3
4628,0,3
4629,0,3
4630,28,5
4631,70,8
4632,0,3
4633,60,8
4634,22,3
4635,0,3
4636,0,3
4637,0,3
4638,24,7
4639,65,10
4640,0,3
4641,29,6
4642,0,3
4643,0,3
4644,0,3
4645,25,6
4646,0,3
4647,102,11
4648,71,10
4649,0,3
4650,88,12
4651,10,3
4652,0,3
4653,0,3
4654,41,8
4655,0,3
4656,122,11
4657,32,6
4658,9,3
4659,0,3
4660,0,3
4661,56,11
4662,12,4
4663,0,3
4664,0,3
4665,22,6
4666,0,3
4667,0,3
4668,78,8
4669,0,3
4670,0,3
4671,15,5
4672,0,3
4673,0,3
4674,0,3
4675,2,3
4676,0,3
4677,55,8
4678,0,3
4679,66,11
4680,62,12
4681,24,5
4682,0,3
4683,0,3
4684,0,3
4685,22,6
4686,23,5
4687,0,3
4688,48,10
4689,0,3
4690,116,11
4691,63,6
4692,0,3
4693,0,3
4694,0,3
4695,0,3
4696,85,7
4697,99,8
4698,165,12
4699,89,6
4700,120,9
4701,51,10
4702,14,5
4703,59,10
4704,25,6
4705,70,9
4706,22,4
4707,74,8
4708,70,4
4709,69,10
4710,83,11
4711,21,6
4712,22,4
4713,0,3
4714,88,11
4715,29,6
4716,92,12
4717,0,3
4718,0,3
4719,99,12
4720,43,5
4721,0,3
4722,0,3
4723,43,9
4724,0,3
4725,16,5
4726,0,3
4727,14,4
4728,78,5
4729,0,3
4730,66,9
4731,0,3
4732,0,3
4733,10,3
4734,0,3
4735,147,14
4736,65,15
4737,80,10
4738,66,8
4739,0,3
4740,36,3
4741,67,12
4742,16,4
4743,0,3
4744,39,8
4745,0,3
4746,71,11
4747,0,3
4748,0,3
4749,0,3
4750,119,14
4751,35,7
4752,67,13
4753,52,8
4754,0,3
4755,57,11
4756,76,10
4757,56,8
4758,30,7
4759,8,3
4760,22,6
4761,0,3
4762,76,14
4763,13,4
4764,0,3
4765,1,3
4766,0,3
4767,16,5
4768,64,15
4769,69,8
4770,0,3
4771,17,5
4772,59,10
4773,0,3
4774,0,3
4775,0,3
4776,0,3
4777,39,10
4778,0,3
4779,9,3
4780,0,3
4781,78,9
4782,0,3
4783,0,3
4784,0,3
4785,0,3
4786,29,6
4787,65,10
4788,0,3
4789,0,3
4790,102,9
4791,105,14
4792,46,4
4793,166,11
4794,20,5
4795,0,3
4796,19,4
4797,127,8
4798,170,16
4799,134,13
4800,0,3
4801,0,3
4802,37,10
4803,56,9
4804,71,10
4805,49,8
4806,41,6
4807,50,12
4808,0,3
4809,65,7
4810,60,9
4811,44,6
4812,0,3
4813,0,3
4814,76,11
4815,88,8
4816,0,3
4817,20,4
4818,23,7
4819,30,4
4820,79,10
4821,0,3
4822,40,11
4823,0,3
4824,27,6
4825,54,14
4826,48,10
4827,108,9
4828,46,7
4829,63,12
4830,11,3
4831,0,3
4832,80,7
4833,81,11
4834,0,3
4835,88,13
4836,0,3
4837,0,3
4838,29,5
4839,0,3
4840,40,9
4841,62,12
4842,76,10
4843,0,3
4844,36,7
4845,0,3
4846,59,10
4847,0,3
4848,0,3
4849,46,7
4850,28,4
4851,0,3
4852,72,10
4853,2,3
4854,0,3
4855,0,3
4856,16,4
4857,30,4
4858,85,12
4859,0,3
4860,40,8
4861,0,3
4862,85,3
4863,0,3
4864,89,11
4865,0,3
4866,30,5
4867,56,10
4868,17,5
4869,9,5
4870,84,8
4871,0,3
4872,10,7
4873,0,3
4874,0,3
4875,37,9
4876,0,3
4877,85,13
4878,0,3
4879,166,16
4880,44,9
4881,42,8
4882,126,17
4883,0,3
4884,84,9
4885,49,10
4886,57,9
4887,0,3
4888,6,4
4889,80,19
4890,75,13
4891,0,3
4892,0,3
4893,14,4
4894,31,7
4895,56,8
4896,41,7
4897,19,7
4898,47,9
4899,42,8
4900,61,12
4901,0,3
4902,71,12
4903,30,8
4904,25,5
4905,0,3
4906,41,9
4907,9,4
4908,60,11
4909,21,6
4910,107,14
4911,0,3
4912,0,3
4913,10,4
4914,0,3
4915,49,10
4916,89,11
4917,72,12
4918,0,3
4919,7,3
4920,58,13
4921,0,3
4922,0,3
4923,77,9
4924,130,15
4925,0,3
4926,0,3
4927,0,3
4928,0,3
4929,151,16
4930,0,3
4931,0,3
4932,258,20
4933,0,3
4934,73,11
4935,0,3
4936,53,10
4937,53,10
4938,81,9
4939,0,3
4940,47,9
4941,128,17
4942,0,3
4943,0,3
4944,86,9
4945,0,3
4946,80,9
4947,393,5
4948,8,5
4949,110,10
4950,112,14
4951,38,8
4952,0,3
4953,0,3
4954,0,3
4955,114,12
4956,102,12
4957,37,8
4958,140,11
4959,0,3
4960,119,11
4961,0,3
4962,0,3
4963,11,6
4964,0,3
4965,20,5
4966,84,10
4967,41,8
4968,47,6
4969,0,3
4970,6,4
4971,82,11
4972,49,9
4973,118,21
4974,56,12
4975,9,4
4976,0,3
4977,143,15
4978,62,9
4979,0,3
4980,0,3
4981,1,3
4982,94,11
4983,119,17
4984,0,3
4985,55,7
4986,56,11
4987,90,10
4988,116,14
4989,80,10
4990,0,3
4991,86,12
4992,104,12
4993,64,11
4994,0,3
4995,0,3
4996,85,10
4997,31,7
4998,0,3
4999,173,7
5000,0,3
5001,0,3
5002,79,10
5003,111,17
5004,0,3
5005,21,5
5006,41,7
5007,39,9
5008,76,14
5009,28,6
5010,0,3
5011,17,5
5012,123,11
5013,71,8
5014,19,5
5015,54,9
5016,49,11
5017,52,8
5018,0,3
5019,77,15
5020,0,3
5021,99,8
5022,86,8
5023,0,3
5024,0,3
5025,25,6
5026,10,4
5027,47,7
5028,0,3
5029,59,11
5030,0,3
5031,70,6
5032,20,5
5033,70,14
5034,0,3
5035,39,9
5036,113,11
5037,0,3
5038,68,11
5039,24,4
5040,50,6
5041,110,10
5042,23,7
5043,59,8
5044,7,5
5045,109,10
5046,72,11
5047,0,3
5048,18,6
5049,45,10
5050,0,3
5051,55,9
5052,68,11
5053,28,7
5054,0,3
5055,0,3
5056,0,3
5057,0,3
5058,0,3
5059,102,9
5060,29,7
5061,85,11
5062,6,3
5063,97,14
5064,0,3
5065,0,3
5066,137,13
5067,145,17
5068,84,11
5069,0,3
5070,26,5
5071,0,3
5072,22,7
5073,0,3
5074,0,3
5075,62,13
5076,48,10
5077,119,16
5078,32,5
5079,6,3
5080,0,3
5081,0,3
5082,0,3
5083,3,3
5084,70,12
5085,9,2
5086,0,3
5087,3,3
5088,39,7
5089,0,3
5090,85,8
5091,0,3
5092,0,3
5093,0,3
5094,101,16
5095,107,15
5096,177,16
5097,59,10
5098,106,11
5099,101,14
5100,90,13
5101,92,18
5102,38,8
5103,67,7
5104,88,15
5105,104,15
5106,0,3
5107,0,3
5108,24,4
5109,0,3
5110,0,3
5111,67,10
5112,56,11
5113,17,4
5114,118,15
5115,108,11
5116,91,10
5117,68,10
5118,11,4
5119,157,20
5120,64,8
5121,92,16
5122,0,3
5123,0,3
5124,68,11
5125,109,7
5126,0,3
5127,0,3
5128,30,6
5129,0,3
5130,86,11
5131,18,3
5132,0,3
5133,0,3
5134,90,11
5135,0,3
5136,0,3
5137,0,3
5138,67,10
5139,0,3
5140,103,14
5141,94,16
5142,46,8
5143,0,3
5144,0,3
5145,96,11
5146,103,9
5147,88,12
5148,31,8
5149,88,11
5150,59,7
5151,0,3
5152,67,10
5153,0,3
5154,30,6
5155,0,3
5156,79,9
5157,0,3
5158,45,6
5159,62,10
5160,51,9
5161,40,6
5162,0,3
5163,0,3
5164,49,8
5165,71,12
5166,23,6
5167,0,3
5168,98,15
5169,0,3
5170,78,12
5171,81,13
5172,0,3
5173,294,16
5174,132,18
5175,113,15
5176,0,3
5177,154,12
5178,0,3
5179,106,13
5180,97,13
5181,114,9
5182,89,7
5183,0,3
5184,86,7
5185,0,3
5186,18,4
5187,65,4
5188,0,3
5189,28,6
5190,38,7
5191,0,3
5192,32,6
5193,8,4
5194,0,3
5195,22,6
5196,0,3
5197,0,3
5198,138,16
5199,7,3
5200,5,4
5201,0,3
5202,0,3
5203,23,9
5204,106,13
5205,0,3
5206,7,4
5207,148,18
5208,51,3
5209,113,12
5210,112,13
5211,46,8
5212,111,17
5213,0,3
5214,63,12
5215,8,4
5216,50,12
5217,80,10
5218,0,3
5219,0,3
5220,0,3
5221,0,3
5222,64,12
5223,0,3
5224,0,3
5225,102,13
5226,113,18
5227,16,5
5228,0,3
5229,0,3
5230,2,3
5231,0,3
5232,0,3
5233,67,13
5234,21,5
5235,95,10
5236,0,3
5237,152,17
5238,0,3
5239,0,3
5240,0,3
5241,39,9
5242,18,4
5243,79,13
5244,30,5
5245,29,8
5246,83,12
5247,0,3
5248,0,3
5249,0,3
5250,86,11
5251,137,12
5252,0,3
5253,64,10
5254,0,3
5255,36,7
5256,148,16
5257,94,13
5258,204,22
5259,190,17
5260,69,8
5261,16,6
5262,0,3
5263,21,6
5264,0,3
5265,66,10
5266,0,3
5267,12,2
5268,30,8
5269,0,3
5270,143,17
5271,0,3
5272,39,7
5273,143,16
5274,0,3
5275,78,11
5276,106,11
5277,0,3
5278,10,3
5279,0,3
5280,108,13
5281,23,6
5282,72,11
5283,240,20
5284,106,16
5285,47,7
5286,0,3
5287,0,3
5288,23,5
5289,41,7
5290,92,10
5291,0,3
5292,37,9
5293,0,3
5294,24,4
5295,89,8
5296,39,9
5297,0,3
5298,0,3
5299,0,3
5300,0,3
5301,89,12
5302,0,3
5303,66,7
5304,0,3
5305,0,3
5306,56,9
5307,0,3
5308,0,3
5309,0,3
5310,0,3
5311,0,3
5312,0,3
5313,0,3
5314,75,10
5315,0,3
5316,39,13
5317,175,17
5318,61,10
5319,108,16
5320,36,8
5321,84,12
5322,115,15
5323,0,3
5324,165,18
5325,0,3
5326,139,20
5327,0,3
5328,0,3
5329,35,8
5330,0,3
5331,0,3
5332,83,11
5333,6,3
5334,54,10
5335,50,7
5336,0,3
5337,0,3
5338,108,14
5339,18,3
5340,168,16
5341,0,3
5342,152,15
5343,63,12
5344,113,13
5345,45,7
5346,0,3
5347,84,13
5348,46,11
5349,146,19
5350,136,14
5351,44,10
5352,0,3
5353,93,15
5354,0,3
5355,0,3
5356,0,3
5357,95,15
5358,41,9
5359,25,5
5360,103,14
5361,0,3
5362,60,9
5363,0,3
5364,84,14
5365,125,17
5366,74,12
5367,96,16
5368,17,3
5369,96,14
5370,39,10
5371,73,10
5372,209,18
5373,107,14
5374,81,14
5375,36,6
5376,89,12
5377,44,6
5378,0,3
5379,0,3
5380,69,5
5381,140,18
5382,18,6
5383,63,15
5384,38,10
5385,0,3
5386,66,11
5387,0,3
5388,63,11
5389,87,15
5390,41,9
5391,170,14
5392,47,6
5393,54,10
5394,75,12
5395,30,8
5396,0,3
5397,0,3
5398,0,3
5399,51,12
5400,94,15
5401,0,3
5402,85,12
5403,60,13
5404,192,12
5405,141,19
5406,85,10
5407,135,18
5408,34,8
5409,14,4
5410,104,15
5411,0,3
5412,106,15
5413,0,3
5414,0,3
5415,0,3
5416,106,12
5417,20,5
5418,0,3
5419,157,15
5420,55,12
5421,0,3
5422,0,3
5423,159,15
5424,0,3
5425,48,9
5426,86,6
5427,78,14
5428,0,3
5429,0,3
5430,0,3
5431,0,3
5432,0,3
5433,0,3
5434,2,3
5435,0,3
5436,0,3
5437,0,3
5438,97,15
5439,0,3
5440,0,3
5441,0,3
5442,48,12
5443,0,3
5444,0,3
5445,81,17
5446,98,14
5447,0,3
5448,96,11
5449,51,9
5450,138,15
5451,77,12
5452,77,13
5453,26,5
5454,0,3
5455,51,8
5456,99,13
5457,0,3
5458,0,3
5459,23,5
5460,0,3
5461,108,16
5462,74,10
5463,0,3
5464,0,3
5465,41,8
5466,8,4
5467,42,7
5468,0,3
5469,142,13
5470,0,3
5471,86,13
5472,67,10
5473,134,16
5474,116,16
5475,81,8
5476,10,4
5477,135,23
5478,28,5
5479,59,8
5480,0,3
5481,126,21
5482,113,16
5483,243,20
5484,51,13
5485,0,3
5486,0,3
5487,81,10
5488,114,12
5489,41,9
5490,327,23
5491,0,3
5492,112,14
5493,13,5
5494,97,13
5495,0,3
5496,79,13
5497,67,12
5498,206,14
5499,119,13
5500,96,12
5501,0,3
5502,71,8
5503,30,7
5504,157,18
5505,146,19
5506,161,16
5507,175,20
5508,0,3
5509,0,3
5510,94,14
5511,0,3
5512,0,3
5513,60,12
5514,18,6
5515,0,3
5516,0,3
5517,70,13
5518,6,4
5519,0,3
5520,10,4
5521,12,4
5522,103,11
5523,0,3
5524,97,17
5525,105,17
5526,38,4
5527,68,10
5528,26,6
5529,133,19
5530,0,3
5531,82,12
5532,0,3
5533,101,14
5534,170,15
5535,85,11
5536,0,3
5537,55,7
5538,0,3
5539,107,13
5540,0,3
5541,200,13
5542,165,22
5543,112,12
5544,149,13
5545,0,3
5546,79,9
5547,54,5
5548,0,3
5549,0,3
5550,125,14
5551,0,3
5552,0,3
5553,0,3
5554,0,3
5555,0,3
5556,75,15
5557,0,3
5558,175,17
5559,0,3
5560,15,4
5561,0,3
5562,65,8
5563,161,13
5564,147,17
5565,0,3
5566,26,6
5567,57,8
5568,0,3
5569,0,3
5570,0,3
5571,68,11
5572,0,3
5573,25,6
5574,0,3
5575,54,9
5576,74,11
5577,0,3
5578,92,14
5579,0,3
5580,87,15
5581,0,3
5582,136,12
5583,118,12
5584,45,7
5585,77,13
5586,0,3
5587,0,3
5588,46,8
5589,0,3
5590,0,3
5591,0,3
5592,0,3
5593,121,19
5594,0,3
5595,0,3
5596,0,3
5597,206,14
5598,0,3
5599,145,16
5600,0,3
5601,193,14
5602,181,7
5603,0,3
5604,58,7
5605,0,3
5606,0,3
5607,0,3
5608,169,20
5609,0,3
5610,7,4
5611,0,3
5612,85,8
5613,153,15
5614,0,3
5615,29,6
5616,16,8
5617,140,16
5618,0,3
5619,41,4
5620,0,3
5621,131,15
5622,102,14
5623,0,3
5624,0,3
5625,0,3
5626,99,18
5627,0,3
5628,178,15
5629,0,3
5630,82,12
5631,114,13
5632,0,3
5633,28,8
5634,214,22
5635,92,18
5636,0,3
5637,46,11
5638,64,8
5639,247,18
5640,61,9
5641,41,9
5642,112,12
5643,0,3
5644,208,25
5645,134,15
5646,438,7
5647,145,18
5648,0,3
5649,8,5
5650,0,3
5651,15,6
5652,49,11
5653,97,15
5654,81,10
5655,0,3
5656,77,9
5657,0,3
5658,99,13
5659,113,16
5660,88,9
5661,82,10
5662,0,3
5663,64,10
5664,115,11
5665,23,6
5666,0,3
5667,1,3
5668,43,6
5669,122,19
5670,98,11
5671,0,3
5672,139,17
5673,0,3
5674,0,3
5675,12,4
5676,9,3
5677,85,14
5678,0,3
5679,0,3
5680,140,16
5681,106,15
5682,31,5
5683,0,3
5684,39,7
5685,73,11
5686,71,10
5687,12,4
5688,78,13
5689,89,12
5690,95,18
5691,7,4
5692,71,11
5693,0,3
5694,97,12
5695,110,12
5696,137,15
5697,0,3
5698,37,8
5699,97,14
5700,0,3
5701,55,11
5702,0,3
5703,0,3
5704,0,3
5705,0,3
5706,82,10
5707,26,6
5708,0,3
5709,32,6
5710,59,8
5711,92,18
5712,94,12
5713,99,15
5714,83,10
5715,0,3
5716,116,9
5717,0,3
5718,94,13
5719,16,7
5720,71,15
5721,43,8
5722,0,3
5723,0,3
5724,0,3
5725,0,3
5726,43,7
5727,0,3
5728,0,3
5729,0,3
5730,157,18
5731,88,12
5732,0,3
5733,0,3
5734,11,4
5735,82,12
5736,81,9
5737,112,14
5738,134,19
5739,102,12
5740,0,3
5741,0,3
5742,123,16
5743,0,3
5744,0,3
5745,0,3
5746,0,3
5747,37,5
5748,244,22
5749,0,3
5750,72,3
5751,0,3
5752,0,3
5753,0,3
5754,0,3
5755,65,13
5756,131,18
5757,0,3
5758,0,3
5759,99,12
5760,0,3
5761,67,14
5762,0,3
5763,0,3
5764,105,16
5765,58,9
5766,0,3
5767,0,3
5768,0,3
5769,47,8
5770,28,8
5771,72,11
5772,135,12
5773,0,3
5774,21,5
5775,55,9
5776,54,11
5777,134,19
5778,0,3
5779,143,16
5780,52,9
5781,60,10
5782,50,12
5783,56,8
5784,0,3
5785,74,13
5786,0,3
5787,3,3
5788,94,13
5789,73,10
5790,156,14
5791,58,10
5792,48,12
5793,87,13
5794,0,3
5795,106,15
5796,0,3
5797,56,11
5798,0,3
5799,135,19
5800,0,3
5801,0,3
5802,76,14
5803,0,3
5804,2,3
5805,65,16
5806,95,18
5807,0,3
5808,102,18
5809,0,3
5810,0,3
5811,0,3
5812,138,12
5813,0,3
5814,104,14
5815,0,3
5816,212,21
5817,124,17
5818,0,3
5819,74,11
5820,64,15
5821,43,9
5822,120,12
5823,0,3
5824,0,3
5825,0,3
5826,33,5
5827,87,14
5828,0,3
5829,131,15
5830,24,6
5831,0,3
5832,0,3
5833,0,3
5834,217,15
5835,62,13
5836,0,3
5837,0,3
5838,0,3
5839,86,14
5840,0,3
5841,129,19
5842,0,3
5843,0,3
5844,108,13
5845,174,22
5846,0,3
5847,22,5
5848,3,3
5849,0,3
5850,112,17
5851,0,3
5852,0,3
5853,79,10
5854,94,12
5855,0,3
5856,54,8
5857,118,14
5858,196,15
5859,110,4
5860,0,3
5861,99,16
5862,32,8
5863,0,3
5864,108,17
5865,0,3
5866,126,16
5867,100,13
5868,0,3
5869,0,3
5870,222,19
5871,105,13
5872,0,3
5873,120,13
5874,115,14
5875,0,3
5876,262,25
5877,76,10
5878,88,11
5879,131,15
5880,0,3
5881,0,3
5882,138,19
5883,125,14
5884,0,3
5885,43,13
5886,0,3
5887,6,4
5888,193,21
5889,61,10
5890,93,11
5891,0,3
5892,0,3
5893,26,8
5894,41,13
5895,105,14
5896,54,10
5897,132,18
5898,29,5
5899,0,3
5900,116,13
5901,0,3
5902,189,21
5903,119,19
5904,0,3
5905,44,12
5906,93,12
5907,37,6
5908,0,3
5909,0,3
5910,70,11
5911,94,18
5912,0,3
5913,10,4
5914,80,15
5915,0,3
5916,0,3
5917,41,7
5918,171,17
5919,52,10
5920,0,3
5921,0,3
5922,73,10
5923,60,11
5924,109,14
5925,132,21
5926,104,14
5927,122,15
5928,68,12
5929,77,9
5930,253,9
5931,0,3
5932,0,3
5933,45,8
5934,161,21
5935,64,8
5936,234,23
5937,0,3
5938,37,6
5939,60,4
5940,0,3
5941,44,7
5942,114,11
5943,0,3
5944,180,12
5945,164,17
5946,114,20
5947,40,9
5948,66,9
5949,90,10
5950,0,3
5951,90,13
5952,99,15
5953,0,3
5954,163,21
5955,0,3
5956,78,9
5957,0,3
5958,138,12
5959,0,3
5960,0,3
5961,0,3
5962,1,3
5963,67,11
5964,116,15
5965,46,4
5966,159,27
5967,0,3
5968,135,14
5969,150,16
5970,120,17
5971,172,15
5972,74,12
5973,0,3
5974,0,3
5975,16,5
5976,167,16
5977,0,3
5978,74,10
5979,0,3
5980,0,3
5981,0,3
5982,11,4
5983,127,17
5984,0,3
5985,0,3
5986,99,10
5987,0,3
5988,0,3
5989,3,3
5990,164,16
5991,189,19
5992,0,3
5993,0,3
5994,42,8
5995,0,3
5996,0,3
5997,128,18
5998,79,13
5999,55,8
6000,0,3
6001,152,18
6002,2,4
6003,111,16
6004,0,3
6005,139,17
6006,74,11
6007,93,12
6008,93,9
6009,0,3
6010,84,13
6011,67,7
6012,118,16
6013,59,11
6014,161,15
6015,208,18
6016,73,11
6017,0,3
6018,34,7
6019,20,5
6020,0,3
6021,96,15
6022,105,12
6023,160,17
6024,167,22
6025,263,11
6026,0,3
6027,112,16
6028,1,3
6029,0,3
6030,0,3
6031,158,18
6032,0,3
6033,0,3
6034,79,14
6035,38,7
6036,0,3
6037,49,10
6038,119,11
6039,62,11
6040,160,20
6041,92,7
6042,0,3
6043,0,3
6044,0,3
6045,76,14
6046,17,5
6047,33,5
6048,0,3
6049,0,3
6050,0,3
6051,170,24
6052,0,3
6053,59,11
6054,100,15
6055,59,12
6056,108,8
6057,0,3
6058,149,16
6059,282,19
6060,24,6
6061,92,15
6062,67,9
6063,53,10
6064,27,6
6065,108,11
6066,115,15
6067,125,21
6068,60,14
6069,60,9
6070,57,9
6071,265,24
6072,100,18
6073,0,3
6074,118,12
6075,17,5
6076,0,3
6077,0,3
6078,83,12
6079,52,11
6080,29,7
6081,114,17
6082,0,3
6083,55,8
6084,163,19
6085,136,20
6086,212,28
6087,117,15
6088,162,15
6089,115,13
6090,153,17
6091,8,3
6092,77,14
6093,33,6
6094,61,12
6095,0,3
6096,79,10
6097,0,3
6098,98,15
6099,56,11
6100,0,3
6101,174,26
6102,50,8
6103,152,20
6104,50,10
6105,63,12
6106,43,8
6107,55,8
6108,122,10
6109,236,14
6110,91,12
6111,0,3
6112,61,11
6113,121,15
6114,0,3
6115,166,20
6116,138,14
6117,129,15
6118,138,16
6119,146,24
6120,103,12
6121,212,19
6122,0,3
6123,99,16
6124,156,15
6125,18,3
6126,0,3
6127,0,3
6128,171,23
6129,55,10
6130,0,3
6131,102,17
6132,26,5
6133,159,18
6134,0,3
6135,158,22
6136,74,16
6137,91,15
6138,103,16
6139,0,3
6140,0,3
6141,94,11
6142,16,7
6143,64,10
6144,0,3
6145,32,6
6146,0,3
6147,133,17
6148,86,12
6149,0,3
6150,0,3
6151,0,3
6152,0,3
6153,28,7
6154,21,6
6155,62,10
6156,92,10
6157,50,10
6158,147,16
6159,0,3
6160,92,14
6161,11,3
6162,110,16
6163,0,3
6164,0,3
6165,0,3
6166,29,9
6167,213,12
6168,0,3
6169,56,6
6170,93,16
6171,0,3
6172,0,3
6173,217,22
6174,34,7
6175,0,3
6176,0,3
6177,0,3
6178,87,13
6179,82,14
6180,0,3
6181,155,18
6182,47,10
6183,66,9
6184,119,20
6185,78,6
6186,162,17
6187,106,11
6188,0,3
6189,49,7
6190,94,13
6191,138,14
6192,0,3
6193,165,19
6194,0,3
6195,237,25
6196,118,11
6197,78,10
6198,0,3
6199,0,3
6200,0,3
6201,144,12
6202,197,19
6203,312,16
6204,56,5
6205,0,3
6206,128,14
6207,45,8
6208,145,16
6209,29,7
6210,97,11
6211,0,3
6212,60,12
6213,0,3
6214,69,15
6215,149,19
6216,0,3
6217,98,17
6218,0,3
6219,225,13
6220,108,14
6221,104,12
6222,125,14
6223,144,18
6224,105,12
6225,0,3
6226,141,12
6227,91,16
6228,157,21
6229,72,4
6230,58,10
6231,68,9
6232,43,9
6233,156,17
6234,0,3
6235,67,18
6236,0,3
6237,68,12
6238,0,3
6239,0,3
6240,129,16
6241,0,3
6242,122,18
6243,122,14
6244,33,7
6245,85,13
6246,171,17
6247,0,3
6248,141,18
6249,0,3
6250,173,19
6251,45,9
6252,0,3
6253,154,15
6254,1,2
6255,0,3
6256,38,8
6257,0,3
6258,177,14
6259,0,3
6260,145,16
6261,0,3
6262,0,3
6263,0,3
6264,0,3
6265,0,3
6266,0,3
6267,0,3
6268,0,3
6269,0,3
6270,137,17
6271,158,16
6272,0,3
6273,0,3
6274,55,11
6275,63,12
6276,87,17
6277,107,11
6278,83,11
6279,0,3
6280,198,25
6281,0,3
6282,0,3
6283,108,18
6284,90,15
6285,98,16
6286,0,3
6287,2,3
6288,0,3
6289,156,16
6290,0,3
6291,80,11
6292,80,12
6293,179,20
6294,118,17
6295,103,17
6296,125,16
6297,0,3
6298,153,14
6299,73,13
6300,96,15
6301,176,18
6302,0,3
6303,225,16
6304,0,3
6305,101,12
6306,95,16
6307,0,3
6308,0,3
6309,141,18
6310,0,3
6311,104,8
6312,0,3
6313,120,12
6314,0,3
6315,66,11
6316,55,10
6317,248,20
6318,0,3
6319,154,16
6320,0,3
6321,0,3
6322,0,3
6323,0,3
6324,7,3
6325,84,14
6326,0,3
6327,124,18
6328,0,3
6329,50,10
6330,27,5
6331,301,19
6332,0,3
6333,200,26
6334,97,19
6335,41,10
6336,21,5
6337,121,19
6338,93,12
6339,51,6
6340,0,3
6341,0,3
6342,0,3
6343,56,6
6344,0,3
6345,2,3
6346,104,12
6347,45,12
6348,132,14
6349,0,3
6350,2,3
6351,0,3
6352,0,3
6353,98,16
6354,0,3
6355,147,21
6356,0,3
6357,0,3
6358,106,12
6359,79,12
6360,0,3
6361,0,3
6362,139,18
6363,29,7
6364,98,20
6365,0,3
6366,0,3
6367,75,11
6368,0,3
6369,0,3
6370,0,3
6371,0,3
6372,158,23
6373,145,17
6374,192,25
6375,0,3
6376,125,18
6377,0,3
6378,39,7
6379,37,7
6380,0,3
6381,85,11
6382,0,3
6383,154,15
6384,30,7
6385,109,16
6386,140,20
6387,77,14
6388,0,3
6389,231,20
6390,0,3
6391,0,3
6392,48,8
6393,0,3
6394,57,15
6395,122,17
6396,205,20
6397,54,10
6398,0,3
6399,118,15
6400,0,3
6401,50,10
6402,189,24
6403,205,19
6404,33,6
6405,71,13
6406,40,10
6407,323,33
6408,0,3
6409,0,3
6410,0,3
6411,0,3
6412,0,3
6413,0,3
6414,183,21
6415,91,15
6416,120,15
6417,0,3
6418,0,3
6419,127,11
6420,0,3
6421,200,16
6422,53,11
6423,0,3
6424,171,23
6425,188,17
6426,29,7
6427,115,13
6428,73,14
6429,0,3
6430,0,3
6431,216,19
6432,125,12
6433,171,12
6434,154,17
6435,0,3
6436,0,3
6437,110,15
6438,0,3
6439,0,3
6440,0,3
6441,0,3
6442,61,9
6443,68,7
6444,80,13
6445,109,19
6446,101,15
6447,124,19
6448,128,14
6449,0,3
6450,0,3
6451,137,20
6452,307,31
6453,0,3
6454,0,3
6455,129,13
6456,107,14
6457,0,3
6458,0,3
6459,43,8
6460,90,12
6461,0,3
6462,49,4
6463,169,16
6464,0,3
6465,164,22
6466,90,12
6467,295,13
6468,0,3
6469,0,3
6470,0,3
6471,91,13
6472,50,11
6473,147,17
6474,98,13
6475,0,3
6476,0,3
6477,0,3
6478,268,26
6479,80,9
6480,154,21
6481,101,12
6482,144,18
6483,0,3
6484,0,3
6485,145,17
6486,46,5
6487,0,3
6488,0,3
6489,143,13
6490,9,3
6491,155,21
6492,69,6
6493,0,3
6494,56,9
6495,144,18
6496,0,3
6497,5,3
6498,44,12
6499,157,18
6500,205,16
6501,0,3
6502,131,20
6503,171,20
6504,0,3
6505,295,23
6506,58,13
6507,173,25
6508,0,3
6509,75,14
6510,0,3
6511,0,3
6512,153,22
6513,94,17
6514,163,19
6515,0,3
6516,0,3
6517,92,13
6518,0,3
6519,0,3
6520,0,3
6521,110,15
6522,74,11
6523,69,5
6524,128,15
6525,0,3
6526,130,19
6527,113,14
6528,0,3
6529,156,25
6530,121,16
6531,111,13
6532,112,9
6533,55,8
6534,86,8
6535,156,16
6536,103,16
6537,101,12
6538,217,23
6539,100,18
6540,109,8
6541,7,4
6542,133,16
6543,0,3
6544,113,17
6545,0,3
6546,105,13
6547,123,15
6548,140,16
6549,0,3
6550,0,3
6551,0,3
6552,131,13
6553,254,23
6554,52,9
6555,141,19
6556,210,21
6557,156,15
6558,33,6
6559,174,18
6560,96,15
6561,6,3
6562,0,3
6563,35,7
6564,224,26
6565,207,22
6566,0,3
6567,201,12
6568,282,25
6569,15,3
6570,0,3
6571,91,7
6572,188,21
6573,0,3
6574,79,12
6575,207,21
6576,114,18
6577,119,16
6578,77,7
6579,140,21
6580,154,25
6581,98,11
6582,18,4
6583,172,18
6584,8,4
6585,0,3
6586,140,23
6587,0,3
6588,129,15
6589,66,9
6590,0,3
6591,263,33
6592,149,17
6593,0,3
6594,197,12
6595,0,3
6596,93,9
6597,0,3
6598,179,21
6599,72,12
6600,0,3
6601,174,24
6602,109,17
6603,0,3
6604,83,12
6605,63,9
6606,3,3
6607,98,15
6608,4,3
6609,78,11
6610,165,19
6611,0,3
6612,222,20
6613,183,19
6614,255,25
6615,129,15
6616,0,3
6617,83,10
6618,0,3
6619,0,3
6620,0,3
6621,0,3
6622,0,3
6623,0,3
6624,64,8
6625,0,3
6626,0,3
6627,0,3
6628,0,3
6629,0,3
6630,107,12
6631,0,3
6632,73,14
6633,181,22
6634,0,3
6635,0,3
6636,64,12
6637,84,10
6638,188,19
6639,106,14
6640,164,16
6641,191,21
6642,0,3
6643,0,3
6644,170,18
6645,180,20
6646,224,24
6647,0,3
6648,76,16
6649,75,6
6650,106,17
6651,76,11
6652,171,20
6653,0,3
6654,0,3
6655,0,3
6656,0,3
6657,129,15
6658,58,10
6659,266,24
6660,69,16
6661,119,17
6662,130,11
6663,0,3
6664,61,9
6665,91,9
6666,0,3
6667,109,19
6668,0,3
6669,82,10
6670,156,18
6671,100,16
6672,0,3
6673,498,20
6674,143,15
6675,0,3
6676,0,3
6677,167,24
6678,0,3
6679,0,3
6680,92,13
6681,0,3
6682,0,3
6683,216,24
6684,49,8
6685,0,3
6686,0,3
6687,0,3
6688,115,17
6689,0,3
6690,41,8
6691,0,3
6692,0,3
6693,162,19
6694,69,12
6695,150,18
6696,149,20
6697,0,3
6698,0,3
6699,0,3
6700,43,10
6701,0,3
6702,0,3
6703,108,18
6704,0,3
6705,0,3
6706,0,3
6707,149,12
6708,47,10
6709,147,18
6710,218,24
6711,178,21
6712,154,22
6713,159,18
6714,114,15
6715,80,13
6716,151,19
6717,185,22
6718,218,24
6719,1,3
6720,0,3
6721,48,11
6722,0,3
6723,0,3
6724,109,17
6725,207,17
6726,0,3
6727,196,23
6728,105,14
6729,0,3
6730,0,3
6731,205,24
6732,40,7
6733,92,13
6734,0,3
6735,0,3
6736,167,24
6737,0,3
6738,151,22
6739,80,14
6740,147,15
6741,0,3
6742,0,3
6743,79,12
6744,0,3
6745,160,20
6746,73,8
6747,0,3
6748,196,20
6749,27,9
6750,197,22
6751,0,3
6752,0,3
6753,107,13
6754,24,8
6755,163,20
6756,180,24
6757,0,3
6758,252,23
6759,88,14
6760,127,13
6761,193,23
6762,0,3
6763,0,3
6764,196,25
6765,216,23
6766,68,10
6767,58,11
6768,97,17
6769,172,19
6770,96,13
6771,107,15
6772,178,22
6773,197,22
6774,100,15
6775,86,19
6776,27,8
6777,0,3
6778,363,36
6779,206,25
6780,94,14
6781,209,23
6782,131,14
6783,53,10
6784,119,19
6785,0,3
6786,97,16
6787,166,8
6788,133,21
6789,243,22
6790,160,21
6791,270,30
6792,99,17
6793,0,3
6794,128,15
6795,30,8
6796,186,13
6797,108,16
6798,0,3
6799,0,3
6800,65,12
6801,0,3
6802,130,17
6803,135,13
6804,70,9
6805,136,22
6806,0,3
6807,79,13
6808,0,3
6809,191,21
6810,0,3
6811,170,21
6812,54,4
6813,177,23
6814,99,13
6815,0,3
6816,0,3
6817,203,21
6818,172,24
6819,83,16
6820,118,16
6821,136,20
6822,0,3
6823,0,3
6824,63,9
6825,148,9
6826,0,3
6827,0,3
6828,0,3
6829,112,11
6830,157,20
6831,0,3
6832,89,12
6833,0,3
6834,0,3
6835,150,22
6836,40,6
6837,0,3
6838,56,10
6839,0,3
6840,163,16
6841,322,29
6842,127,19
6843,148,17
6844,0,3
6845,242,18
6846,0,3
6847,0,3
6848,123,14
6849,76,17
6850,173,25
6851,75,13
6852,125,18
6853,74,15
6854,0,3
6855,37,9
6856,0,3
6857,252,22
6858,148,19
6859,0,3
6860,168,14
6861,132,18
6862,34,7
6863,0,3
6864,0,3
6865,32,6
6866,142,20
6867,173,23
6868,112,19
6869,0,3
6870,173,16
6871,0,3
6872,0,3
6873,152,22
6874,0,3
6875,0,3
6876,134,19
6877,162,25
6878,151,16
6879,123,14
6880,155,14
6881,159,19
6882,0,3
6883,105,15
6884,114,15
6885,0,3
6886,161,16
6887,0,3
6888,0,3
6889,127,15
6890,157,14
6891,62,11
6892,268,26
6893,0,3
6894,0,3
6895,195,25
6896,105,15
6897,0,3
6898,0,3
6899,0,3
6900,43,8
6901,0,3
6902,134,20
6903,0,3
6904,0,3
6905,91,13
6906,178,24
6907,179,18
6908,131,14
6909,154,16
6910,0,3
6911,210,24
6912,144,20
6913,193,23
6914,0,3
6915,92,11
6916,36,8
6917,0,3
6918,138,19
6919,73,8
6920,242,27
6921,79,7
6922,74,8
6923,0,3
6924,180,12
6925,70,13
6926,18,5
6927,144,20
6928,180,21
6929,0,3
6930,259,30
6931,292,29
6932,153,17
6933,0,3
6934,229,27
6935,0,3
6936,165,22
6937,73,12
6938,0,3
6939,10,5
6940,0,3
6941,98,14
6942,0,3
6943,0,3
6944,15,4
6945,0,3
6946,12,5
6947,206,23
6948,134,18
6949,37,8
6950,78,13
6951,0,3
6952,0,3
6953,0,3
6954,0,3
6955,189,19
6956,0,3
6957,0,3
6958,0,3
6959,179,18
6960,0,3
6961,84,15
6962,50,10
6963,0,3
6964,222,26
6965,0,3
6966,0,3
6967,213,29
6968,0,3
6969,0,3
6970,0,3
6971,0,3
6972,141,16
6973,120,17
6974,91,11
6975,32,8
6976,206,31
6977,60,14
6978,0,3
6979,0,3
6980,220,22
6981,175,13
6982,214,25
6983,20,6
6984,121,13
6985,145,16
6986,181,20
6987,64,13
6988,269,22
6989,0,3
6990,194,16
6991,0,3
6992,1,3
6993,13,4
6994,132,13
6995,239,25
6996,66,4
6997,0,3
6998,158,16
6999,42,7
7000,0,3
7001,200,19
7002,0,3
7003,0,3
7004,0,3
7005,206,23
7006,129,14
7007,0,3
7008,107,14
7009,0,3
7010,176,17
7011,21,3
7012,0,3
7013,148,17
7014,29,6
7015,106,14
7016,0,3
7017,226,24
7018,11,5
7019,0,3
7020,0,3
7021,0,3
7022,0,3
7023,0,3
7024,158,22
7025,90,11
7026,264,24
7027,214,25
7028,137,19
7029,133,19
7030,123,12
7031,177,19
7032,0,3
7033,22,6
7034,0,3
7035,0,3
7036,0,3
7037,0,3
7038,451,14
7039,0,3
7040,234,26
7041,114,14
7042,0,3
7043,131,17
7044,0,3
7045,0,3
7046,200,25
7047,145,17
7048,232,20
7049,96,11
7050,68,9
7051,0,3
7052,0,3
7053,153,17
7054,89,8
7055,55,10
7056,69,8
7057,229,30
7058,26,5
7059,145,19
7060,0,3
7061,0,3
7062,0,3
7063,317,25
7064,0,3
7065,94,13
7066,0,3
7067,67,13
7068,119,15
7069,0,3
7070,206,23
7071,0,3
7072,107,9
7073,0,3
7074,0,3
7075,0,3
7076,0,3
7077,189,25
7078,0,3
7079,0,3
7080,0,3
7081,272,24
7082,417,22
7083,221,17
7084,156,22
7085,0,3
7086,0,3
7087,0,3
7088,9,2
7089,0,3
7090,0,3
7091,138,15
7092,237,20
7093,0,3
7094,65,11
7095,121,19
7096,169,19
7097,209,17
7098,202,11
7099,0,3
7100,0,3
7101,37,6
7102,0,3
7103,323,23
7104,183,23
7105,0,3
7106,40,8
7107,128,13
7108,154,18
7109,0,3
7110,109,14
7111,0,3
7112,0,3
7113,131,19
7114,0,3
7115,115,11
7116,20,4
7117,256,15
7118,85,17
7119,0,3
7120,89,5
7121,0,3
7122,0,3
7123,145,24
7124,0,3
7125,92,15
7126,84,15
7127,0,3
7128,0,3
7129,310,20
7130,106,11
7131,189,21
7132,155,16
7133,218,23
7134,0,3
7135,0,3
7136,136,15
7137,0,3
7138,0,3
7139,19,8
7140,74,15
7141,48,7
7142,71,10
7143,0,3
7144,47,6
7145,0,3
7146,126,17
7147,99,18
7148,121,20
7149,0,3
7150,185,19
7151,0,3
7152,0,3
7153,0,3
7154,0,3
7155,0,3
7156,116,20
7157,207,19
7158,0,3
7159,145,17
7160,0,3
7161,0,3
7162,175,26
7163,238,25
7164,214,21
7165,239,29
7166,134,15
7167,128,16
7168,0,3
7169,217,11
7170,0,3
7171,86,13
7172,0,3
7173,0,3
7174,78,13
7175,199,22
7176,123,21
7177,0,3
7178,0,3
7179,0,3
7180,273,23
7181,0,3
7182,118,17
7183,0,3
7184,111,17
7185,0,3
7186,0,3
7187,113,16
7188,183,20
7189,164,6
7190,0,3
7191,142,23
7192,159,20
7193,215,26
7194,443,22
7195,0,3
7196,241,31
7197,277,22
7198,116,15
7199,112,17
7200,97,15
7201,0,3
7202,0,3
7203,0,3
7204,212,29
7205,0,3
7206,0,3
7207,23,5
7208,91,12
7209,194,11
7210,233,24
7211,0,3
7212,125,14
7213,0,3
7214,207,19
7215,144,15
7216,206,25
7217,0,3
7218,0,3
7219,0,3
7220,189,23
7221,0,3
7222,116,21
7223,177,23
7224,241,24
7225,0,3
7226,53,10
7227,70,9
7228,3,3
7229,0,3
7230,129,17
7231,0,3
7232,0,3
7233,120,17
7234,17,2
7235,206,24
7236,321,19
7237,90,14
7238,170,18
7239,0,3
7240,23,6
7241,0,3
7242,122,13
7243,98,14
7244,149,17
7245,87,14
7246,194,21
7247,0,3
7248,0,3
7249,189,22
7250,39,7
7251,0,3
7252,81,11
7253,0,3
7254,146,21
7255,105,13
7256,31,9
7257,35,10
7258,0,3
7259,0,3
7260,66,14
7261,183,26
7262,0,3
7263,0,3
7264,189,23
7265,181,22
7266,163,23
7267,0,3
7268,0,3
7269,164,22
7270,212,22
7271,208,20
7272,139,17
7273,82,9
7274,21,6
7275,0,3
7276,0,3
7277,252,19
7278,0,3
7279,65,10
7280,0,3
7281,0,3
7282,36,7
7283,0,3
7284,0,3
7285,0,3
7286,0,3
7287,143,21
7288,0,3
7289,46,11
7290,182,14
7291,188,27
7292,0,3
7293,337,17
7294,155,18
7295,236,23
7296,194,20
7297,0,3
7298,0,3
7299,0,3
7300,152,19
7301,104,11
7302,0,3
7303,218,18
7304,0,3
7305,228,19
7306,155,13
7307,192,21
7308,158,22
7309,171,22
7310,213,10
7311,0,3
7312,226,22
7313,0,3
7314,50,3
7315,75,9
7316,76,8
7317,115,19
7318,140,17
7319,87,14
7320,0,3
7321,78,13
7322,181,19
7323,112,8
7324,0,3
7325,25,7
7326,213,22
7327,234,19
7328,119,18
7329,64,12
7330,0,3
7331,165,19
7332,0,3
7333,0,3
7334,157,29
7335,0,3
7336,191,15
7337,185,16
7338,180,19
7339,181,18
7340,0,3
7341,258,22
7342,142,17
7343,0,3
7344,108,11
7345,4,4
7346,0,3
7347,207,27
7348,0,3
7349,113,17
7350,96,14
7351,158,16
7352,0,3
7353,212,29
7354,144,20
7355,169,22
7356,173,16
7357,205,24
7358,0,3
7359,0,3
7360,5,4
7361,240,19
7362,0,3
7363,0,3
7364,25,5
7365,0,3
7366,0,3
7367,0,3
7368,78,12
7369,322,31
7370,0,3
7371,0,3
7372,164,18
7373,79,9
7374,101,13
7375,0,3
7376,221,19
7377,99,12
7378,213,23
7379,127,13
7380,218,19
7381,163,20
7382,147,15
7383,228,26
7384,0,3
7385,159,23
7386,210,22
7387,135,20
7388,164,15
7389,43,5
7390,0,3
7391,111,14
7392,350,29
7393,141,17
7394,180,25
7395,0,3
7396,0,3
7397,0,3
7398,166,22
7399,202,18
7400,204,23
7401,115,18
7402,0,3
7403,57,9
7404,177,19
7405,0,3
7406,0,3
7407,7,4
7408,0,3
7409,0,3
7410,183,20
7411,347,19
7412,506,19
7413,155,16
7414,148,13
7415,135,13
7416,56,10
7417,231,21
7418,226,22
7419,3,4
7420,178,22
7421,146,22
7422,0,3
7423,125,16
7424,157,21
7425,90,11
7426,215,18
7427,14,5
7428,191,22
7429,202,20
7430,0,3
7431,0,3
7432,278,20
7433,64,10
7434,0,3
7435,101,11
7436,157,18
7437,0,3
7438,85,11
7439,0,3
7440,177,22
7441,30,6
7442,122,17
7443,124,16
7444,300,14
7445,165,20
7446,290,30
7447,204,24
7448,0,3
7449,0,3
7450,0,3
7451,368,22
7452,0,3
7453,0,3
7454,0,3
7455,212,22
7456,105,14
7457,0,3
7458,204,17
7459,210,28
7460,241,20
7461,161,18
7462,285,18
7463,186,17
7464,0,3
7465,204,26
7466,52,11
7467,114,15
7468,154,15
7469,0,3
7470,172,14
7471,0,3
7472,0,3
7473,117,21
7474,101,13
7475,124,12
7476,210,21
7477,0,3
7478,0,3
7479,227,27
7480,4,3
7481,0,3
7482,0,3
7483,156,20
7484,0,3
7485,34,5
7486,25,5
7487,129,18
7488,32,7
7489,100,15
7490,0,3
7491,0,3
7492,0,3
7493,89,14
7494,181,25
7495,88,10
7496,77,13
7497,0,3
7498,0,3
7499,323,31
7500,53,8
7501,147,20
7502,211,16
7503,140,16
7504,0,3
7505,0,3
7506,97,15
7507,0,3
7508,0,3
7509,226,20
7510,235,32
7511,109,15
7512,162,21
7513,0,3
7514,198,21
7515,82,15
7516,216,21
7517,150,24
7518,102,15
7519,30,7
7520,79,11
7521,148,16
7522,116,15
7523,81,11
7524,110,13
7525,0,3
7526,0,3
7527,0,3
7528,0,3
7529,59,10
7530,213,20
7531,0,3
7532,0,3
7533,208,14
7534,98,15
7535,0,3
7536,35,9
7537,147,17
7538,33,7
7539,200,22
7540,136,20
7541,203,24
7542,0,3
7543,66,12
7544,212,21
7545,0,3
7546,0,3
7547,108,16
7548,227,26
7549,117,17
7550,0,3
7551,145,17
7552,101,18
7553,219,13
7554,222,23
7555,165,20
7556,89,11
7557,0,3
7558,143,13
7559,80,14
7560,185,27
7561,126,15
7562,0,3
7563,65,9
7564,52,7
7565,0,3
7566,134,17
7567,0,3
7568,0,3
7569,39,9
7570,0,3
7571,101,11
7572,61,12
7573,0,3
7574,292,22
7575,228,18
7576,111,16
7577,241,21
7578,159,21
7579,81,11
7580,160,18
7581,61,13
7582,0,3
7583,0,3
7584,136,19
7585,192,17
7586,130,19
7587,0,3
7588,158,16
7589,0,3
7590,0,3
7591,0,3
7592,0,3
7593,168,24
7594,298,31
7595,185,25
7596,161,21
7597,0,3
7598,465,17
7599,189,18
7600,139,15
7601,0,3
7602,151,24
7603,154,22
7604,92,15
7605,0,3
7606,0,3
7607,0,3
7608,163,21
7609,162,15
7610,45,10
7611,23,5
7612,69,12
7613,74,12
7614,94,16
7615,31,5
7616,217,10
7617,0,3
7618,0,3
7619,0,3
7620,153,18
7621,121,13
7622,185,21
7623,0,3
7624,0,3
7625,182,19
7626,0,3
7627,24,6
7628,145,17
7629,158,22
7630,52,11
7631,195,20
7632,89,14
7633,12,4
7634,0,3
7635,67,13
7636,221,33
7637,201,26
7638,0,3
7639,158,23
7640,207,31
7641,121,18
7642,173,19
7643,80,11
7644,181,22
7645,85,15
7646,0,3
7647,0,3
7648,53,12
7649,9,5
7650,124,18
7651,284,31
7652,174,23
7653,291,22
7654,184,28
7655,171,20
7656,96,15
7657,43,6
7658,0,3
7659,0,3
7660,306,17
7661,89,10
7662,112,17
7663,150,20
7664,0,3
7665,157,23
7666,102,14
7667,265,17
7668,182,15
7669,147,22
7670,0,3
7671,290,22
7672,0,3
7673,0,3
7674,0,3
7675,186,24
7676,0,3
7677,197,19
7678,143,17
7679,0,3
7680,23,4
7681,174,18
7682,127,19
7683,0,3
7684,117,19
7685,0,3
7686,109,17
7687,304,30
7688,52,8
7689,0,3
7690,170,17
7691,0,3
7692,241,24
7693,0,3
7694,0,3
7695,23,3
7696,0,3
7697,1,3
7698,272,30
7699,0,3
7700,0,3
7701,102,8
7702,152,21
7703,0,3
7704,30,6
7705,0,3
7706,173,25
7707,11,4
7708,5,4
7709,223,26
7710,0,3
7711,183,20
7712,145,10
7713,0,3
7714,0,3
7715,0,3
7716,222,26
7717,335,33
7718,245,22
7719,0,3
7720,799,27
7721,83,12
7722,292,15
7723,110,18
7724,0,3
7725,121,18
7726,192,22
7727,0,3
7728,138,17
7729,154,16
7730,175,24
7731,0,3
7732,408,33
7733,117,14
7734,0,3
7735,0,3
7736,0,3
7737,181,22
7738,0,3
7739,213,13
7740,0,3
7741,250,25
7742,0,3
7743,208,30
7744,0,3
7745,33,8
7746,0,3
7747,229,30
7748,0,3
7749,117,14
7750,221,22
7751,0,3
7752,227,28
7753,78,8
7754,255,25
7755,0,3
7756,224,26
7757,546,26
7758,212,24
7759,286,22
7760,153,20
7761,80,10
7762,187,21
7763,145,20
7764,67,12
7765,31,6
7766,194,19
7767,158,22
7768,147,10
7769,207,25
7770,259,13
7771,168,22
7772,0,3
7773,0,3
7774,154,16
7775,0,3
7776,281,29
7777,0,3
7778,11,5
7779,0,3
7780,107,16
7781,0,3
7782,222,16
7783,171,23
7784,38,8
7785,235,21
7786,222,20
7787,0,3
7788,198,27
7789,78,15
7790,0,3
7791,120,17
7792,337,31
7793,371,27
7794,0,3
7795,79,11
7796,29,7
7797,301,30
7798,67,8
7799,136,16
7800,160,22
7801,147,20
7802,175,18
7803,0,3
7804,0,3
7805,120,13
7806,240,23
7807,0,3
7808,140,23
7809,0,3
7810,0,3
7811,0,3
7812,322,25
7813,0,3
7814,0,3
7815,243,23
7816,71,10
7817,166,19
7818,159,16
7819,167,27
7820,190,26
7821,156,22
7822,218,8
7823,249,29
7824,0,3
7825,145,22
7826,188,12
7827,0,3
7828,161,20
7829,36,4
7830,0,3
7831,0,3
7832,90,12
7833,127,15
7834,91,14
7835,0,3
7836,331,25
7837,179,17
7838,0,3
7839,0,3
7840,80,12
7841,203,24
7842,0,3
7843,0,3
7844,114,15
7845,213,27
7846,153,23
7847,0,3
7848,0,3
7849,0,3
7850,238,21
7851,214,20
7852,173,22
7853,113,14
7854,0,3
7855,230,22
7856,299,30
7857,373,26
7858,129,18
7859,0,3
7860,0,3
7861,194,32
7862,118,18
7863,348,27
7864,587,23
7865,0,3
7866,178,15
7867,0,3
7868,187,17
7869,203,25
7870,302,24
7871,0,3
7872,0,3
7873,0,3
7874,291,32
7875,238,25
7876,229,27
7877,203,16
7878,0,3
7879,208,23
7880,0,3
7881,0,3
7882,180,16
7883,118,21
7884,0,3
7885,4,4
7886,66,9
7887,0,3
7888,262,15
7889,179,18
7890,0,3
7891,91,15
7892,30,8
7893,153,22
7894,77,12
7895,0,3
7896,211,22
7897,120,20
7898,0,3
7899,42,9
7900,159,18
7901,234,28
7902,133,18
7903,0,3
7904,158,11
7905,165,24
7906,253,30
7907,259,21
7908,0,3
7909,0,3
7910,0,3
7911,0,3
7912,126,11
7913,0,3
7914,0,3
7915,44,10
7916,0,3
7917,159,17
7918,138,16
7919,136,12
7920,0,3
7921,121,18
7922,0,3
7923,0,3
7924,219,25
7925,0,3
7926,118,4
7927,0,3
7928,0,3
7929,36,4
7930,211,27
7931,0,3
7932,107,16
7933,105,14
7934,200,19
7935,0,3
7936,217,15
7937,0,3
7938,146,19
7939,207,26
7940,0,3
7941,0,3
7942,112,12
7943,225,28
7944,169,17
7945,0,3
7946,139,19
7947,0,3
7948,115,15
7949,261,22
7950,380,4
7951,237,14
7952,0,3
7953,243,25
7954,53,10
7955,923,9
7956,0,3
7957,0,3
7958,0,3
7959,139,19
7960,0,3
7961,0,3
7962,0,3
7963,189,22
7964,36,7
7965,0,3
7966,253,27
7967,0,3
7968,115,14
7969,32,9
7970,0,3
7971,171,21
7972,213,26
7973,250,17
7974,184,21
7975,148,21
7976,188,21
7977,258,21
7978,0,3
7979,0,3
7980,90,7
7981,0,3
7982,202,25
7983,0,3
7984,127,18
7985,134,22
7986,278,27
7987,179,29
7988,0,3
7989,122,8
7990,0,3
7991,150,20
7992,0,3
7993,0,3
7994,137,14
7995,291,26
7996,217,22
7997,323,25
7998,296,28
7999,231,30
8000,0,3
8001,0,3
8002,231,30
8003,257,27
8004,188,26
8005,0,3
8006,154,19
8007,66,6
8008,198,21
8009,0,3
8010,0,3
8011,0,3
8012,155,18
8013,212,26
8014,0,3
8015,0,3
8016,0,3
8017,140,15
8018,0,3
8019,0,3
8020,188,24
8021,88,7
8022,92,15
8023,329,29
8024,133,21
8025,0,3
8026,0,3
8027,0,3
8028,49,12
8029,0,3
8030,279,27
8031,215,26
8032,213,20
8033,0,3
8034,0,3
8035,483,26
8036,288,22
8037,1,3
8038,299,27
8039,0,3
8040,106,19
8041,286,28
8042,110,14
8043,256,24
8044,0,3
8045,213,18
8046,178,23
8047,0,3
8048,0,3
8049,181,21
8050,283,29
8051,57,10
8052,97,14
8053,0,3
8054,72,13
8055,143,22
8056,0,3
8057,174,25
8058,3,3
8059,113,15
8060,0,3
8061,0,3
8062,0,3
8063,0,3
8064,0,3
8065,0,3
8066,0,3
8067,241,24
8068,129,20
8069,0,3
8070,0,3
8071,0,3
8072,210,18
8073,117,20
8074,0,3
8075,201,22
8076,208,26
8077,0,3
8078,0,3
8079,210,24
8080,165,15
8081,0,3
8082,97,12
8083,0,3
8084,0,3
8085,320,27
8086,163,18
8087,63,13
8088,174,26
8089,236,20
8090,0,3
8091,0,3
8092,146,17
8093,320,29
8094,0,3
8095,74,11
8096,0,3
8097,0,3
8098,199,14
8099,320,23
8100,153,19
8101,68,13
8102,252,21
8103,110,17
8104,0,3
8105,177,22
8106,0,3
8107,231,18
8108,96,15
8109,223,27
8110,375,24
8111,0,3
8112,204,19
8113,117,14
8114,302,28
8115,0,3
8116,265,24
8117,141,18
8118,116,12
8119,0,3
8120,164,21
8121,0,3
8122,174,16
8123,0,3
8124,216,22
8125,90,17
8126,25,8
8127,220,21
8128,417,29
8129,146,16
8130,0,3
8131,0,3
8132,0,3
8133,201,19
8134,108,12
8135,0,3
8136,0,3
8137,215,20
8138,129,21
8139,0,3
8140,0,3
8141,196,27
8142,0,3
8143,209,22
8144,52,8
8145,271,28
8146,206,18
8147,193,25
8148,0,3
8149,0,3
8150,242,21
8151,0,3
8152,359,27
8153,153,15
8154,0,3
8155,267,12
8156,0,3
8157,0,3
8158,256,35
8159,0,3
8160,170,15
8161,187,22
8162,0,3
8163,0,3
8164,290,22
8165,0,3
8166,120,17
8167,573,22
8168,272,28
8169,71,13
8170,123,18
8171,87,11
8172,126,16
8173,189,16
8174,0,3
8175,169,20
8176,125,18
8177,43,9
8178,110,11
8179,176,23
8180,120,15
8181,186,25
8182,220,30
8183,0,3
8184,327,28
8185,0,3
8186,0,3
8187,32,5
8188,0,3
8189,0,3
8190,216,20
8191,0,3
8192,319,37
8193,173,22
8194,324,19
8195,285,19
8196,183,20
8197,69,8
8198,207,28
8199,40,7
8200,0,3
8201,0,3
8202,0,3
8203,0,3
8204,0,3
8205,0,3
8206,107,17
8207,0,3
8208,52,11
8209,150,23
8210,137,18
8211,250,25
8212,204,25
8213,0,3
8214,0,3
8215,0,3
8216,251,27
8217,233,34
8218,246,21
8219,228,22
8220,282,26
8221,0,3
8222,0,3
8223,0,3
8224,0,3
8225,0,3
8226,0,3
8227,0,3
8228,0,3
8229,193,21
8230,303,32
8231,33,9
8232,0,3
8233,0,3
8234,162,19
8235,89,16
8236,243,22
8237,0,3
8238,71,13
8239,0,3
8240,113,14
8241,128,20
8242,0,3
8243,0,3
8244,173,23
8245,0,3
8246,107,10
8247,187,19
8248,0,3
8249,147,25
8250,128,16
8251,107,9
8252,255,24
8253,0,3
8254,135,17
8255,235,33
8256,164,25
8257,188,21
8258,74,10
8259,159,23
8260,0,3
8261,200,35
8262,107,15
8263,190,26
8264,0,3
8265,243,25
8266,0,3
8267,146,18
8268,76,13
8269,95,12
8270,79,9
8271,223,23
8272,28,8
8273,0,3
8274,183,17
8275,0,3
8276,0,3
8277,224,23
8278,127,17
8279,144,17
8280,191,18
8281,128,16
8282,109,14
8283,48,8
8284,126,20
8285,117,18
8286,137,18
8287,88,14
8288,181,23
8289,54,8
8290,0,3
8291,428,30
8292,127,13
8293,166,19
8294,0,3
8295,290,24
8296,89,14
8297,112,19
8298,290,24
8299,0,3
8300,175,16
8301,208,22
8302,461,7
8303,220,24
8304,38,7
8305,0,3
8306,161,21
8307,0,3
8308,90,13
8309,0,3
8310,0,3
8311,429,24
8312,310,33
8313,346,37
8314,0,3
8315,0,3
8316,221,17
8317,203,15
8318,308,34
8319,720,19
8320,141,17
8321,174,20
8322,0,3
8323,236,23
8324,125,17
8325,41,8
8326,261,22
8327,152,16
8328,133,16
8329,0,3
8330,139,17
8331,0,3
8332,0,3
8333,66,9
8334,189,16
8335,0,3
8336,202,19
8337,194,24
8338,0,3
8339,0,3
8340,246,24
8341,148,7
8342,0,3
8343,103,17
8344,179,18
8345,168,20
8346,126,19
8347,70,9
8348,501,20
8349,267,25
8350,254,25
8351,251,27
8352,151,17
8353,64,10
8354,0,3
8355,0,3
8356,223,22
8357,0,3
8358,0,3
8359,159,21
8360,210,23
8361,136,18
8362,151,21
8363,217,27
8364,355,31
8365,251,31
8366,198,23
8367,0,3
8368,0,3
8369,248,23
8370,72,13
8371,0,3
8372,135,20
8373,0,3
8374,104,16
8375,195,20
8376,0,3
8377,0,3
8378,124,13
8379,0,3
8380,39,10
8381,152,21
8382,164,17
8383,134,17
8384,170,20
8385,0,3
8386,230,14
8387,192,19
8388,171,16
8389,266,22
8390,230,27
8391,259,31
8392,144,20
8393,0,3
8394,0,3
8395,0,3
8396,0,3
8397,242,33
8398,225,33
8399,156,19
8400,0,3
8401,0,3
8402,132,12
8403,244,26
8404,0,3
8405,173,23
8406,142,18
8407,220,28
8408,235,23
8409,56,9
8410,0,3
8411,0,3
8412,168,19
8413,0,3
8414,211,20
8415,126,14
8416,44,4
8417,297,25
8418,185,27
8419,0,3
8420,0,3
8421,148,20
8422,234,25
8423,70,12
8424,409,26
8425,354,29
8426,140,15
8427,163,20
8428,169,22
8429,0,3
8430,0,3
8431,79,12
8432,78,13
8433,0,3
8434,0,3
8435,121,13
8436,122,14
8437,150,21
8438,73,11
8439,0,3
8440,128,16
8441,99,15
8442,112,14
8443,151,18
8444,111,14
8445,79,14
8446,175,24
8447,0,3
8448,133,20
8449,160,13
8450,53,9
8451,197,20
8452,218,24
8453,0,3
8454,39,7
8455,0,3
8456,0,3
8457,0,3
8458,258,31
8459,0,3
8460,0,3
8461,129,17
8462,189,16
8463,77,14
8464,122,20
8465,0,3
8466,138,14
8467,0,3
8468,85,13
8469,174,23
8470,289,31
8471,230,26
8472,219,26
8473,59,10
8474,0,3
8475,137,11
8476,0,3
8477,0,3
8478,0,3
8479,148,24
8480,200,19
8481,181,25
8482,183,18
8483,248,28
8484,94,9
8485,245,24
8486,0,3
8487,157,20
8488,26,6
8489,95,15
8490,0,3
8491,212,25
8492,180,16
8493,150,18
8494,0,3
8495,191,23
8496,0,3
8497,72,13
8498,197,19
8499,0,3
8500,65,9
8501,195,21
8502,0,3
8503,371,30
8504,235,22
8505,236,21
8506,0,3
8507,682,19
8508,240,28
8509,0,3
8510,2,1
8511,163,12
8512,166,20
8513,230,26
8514,336,32
8515,0,3
8516,85,7
8517,0,3
8518,0,3
8519,0,3
8520,155,18
8521,113,19
8522,0,3
8523,79,14
8524,261,24
8525,0,3
8526,185,17
8527,0,3
8528,0,3
8529,0,3
8530,0,3
8531,304,22
8532,123,17
8533,112,18
8534,99,10
8535,0,3
8536,70,11
8537,60,6
8538,0,3
8539,159,14
8540,151,23
8541,89,12
8542,126,14
8543,0,3
8544,0,3
8545,135,16
8546,154,13
8547,0,3
8548,55,14
8549,205,24
8550,0,3
8551,1,3
8552,94,11
8553,384,23
8554,154,19
8555,88,14
8556,0,3
8557,246,25
8558,183,20
8559,254,30
8560,191,22
8561,0,3
8562,198,29
8563,286,19
8564,240,23
8565,125,17
8566,149,16
8567,0,3
8568,76,11
8569,0,3
8570,0,3
8571,0,3
8572,183,16
8573,87,13
8574,177,19
8575,51,10
8576,298,17
8577,122,14
8578,203,20
8579,247,34
8580,148,17
8581,166,19
8582,0,3
8583,0,3
8584,0,3
8585,268,15
8586,153,19
8587,25,7
8588,0,3
8589,109,17
8590,180,25
8591,171,21
8592,230,27
8593,0,3
8594,0,3
8595,0,3
8596,184,19
8597,0,3
8598,0,3
8599,100,14
8600,169,24
8601,0,3
8602,136,17
8603,265,28
8604,0,3
8605,59,4
8606,0,3
8607,0,3
8608,150,18
8609,178,22
8610,216,19
8611,0,3
8612,198,26
8613,59,10
8614,224,25
8615,0,3
8616,146,21
8617,177,21
8618,100,11
8619,169,24
8620,0,3
8621,0,3
8622,184,17
8623,0,3
8624,291,35
8625,124,18
8626,0,3
8627,0,3
8628,0,3
8629,0,3
8630,146,15
8631,302,21
8632,269,27
8633,0,3
8634,67,9
8635,233,29
8636,0,3
8637,103,14
8638,190,23
8639,263,24
8640,68,12
8641,0,3
8642,0,3
8643,0,3
8644,456,28
8645,195,21
8646,179,17
8647,185,22
8648,140,23
8649,255,17
8650,98,19
8651,0,3
8652,291,28
8653,80,13
8654,0,3
8655,201,17
8656,0,3
8657,0,3
8658,0,3
8659,0,3
8660,129,5
8661,0,3
8662,0,3
8663,0,3
8664,33,6
8665,324,28
8666,274,21
8667,60,8
8668,146,17
8669,255,27
8670,72,11
8671,0,3
8672,143,16
8673,248,22
8674,0,3
8675,0,3
8676,277,24
8677,314,15
8678,130,17
8679,0,3
8680,0,3
8681,197,17
8682,337,30
8683,212,23
8684,0,3
8685,125,16
8686,191,26
8687,71,13
8688,181,19
8689,191,17
8690,140,24
8691,0,3
8692,0,3
8693,359,29
8694,131,13
8695,0,3
8696,0,3
8697,141,18
8698,186,21
8699,0,3
8700,0,3
8701,253,20
8702,242,28
8703,79,14
8704,186,17
8705,151,16
8706,100,16
8707,271,23
8708,181,22
8709,0,3
8710,0,3
8711,208,23
8712,69,11
8713,0,3
8714,219,21
8715,245,28
8716,0,3
8717,0,3
8718,174,20
8719,176,24
8720,187,27
8721,143,15
8722,234,21
8723,0,3
8724,0,3
8725,118,17
8726,83,12
8727,0,3
8728,0,3
8729,55,11
8730,310,30
8731,72,16
8732,136,20
8733,0,3
8734,150,19
8735,148,20
8736,15,6
8737,0,3
8738,262,32
8739,293,36
8740,80,10
8741,76,9
8742,170,7
8743,0,3
8744,134,16
8745,136,18
8746,167,14
8747,0,3
8748,0,3
8749,229,24
8750,0,3
8751,190,27
8752,136,20
8753,128,16
8754,0,3
8755,0,3
8756,0,3
8757,121,15
8758,215,18
8759,336,35
8760,257,24
8761,381,29
8762,327,15
8763,0,3
8764,0,3
8765,245,25
8766,0,3
8767,232,27
8768,0,3
8769,0,3
8770,141,15
8771,0,3
8772,327,24
8773,286,30
8774,194,28
8775,148,13
8776,80,11
8777,0,3
8778,179,22
8779,106,10
8780,265,29
8781,257,19
8782,35,10
8783,0,3
8784,28,5
8785,141,17
8786,193,21
8787,121,11
8788,208,24
8789,0,3
8790,265,17
8791,139,14
8792,214,18
8793,0,3
8794,156,14
8795,0,3
8796,66,11
8797,0,3
8798,25,5
8799,325,35
8800,0,3
8801,218,24
8802,0,3
8803,281,28
8804,228,26
8805,0,3
8806,0,3
8807,280,25
8808,0,3
8809,259,22
8810,0,3
8811,216,24
8812,200,18
8813,313,25
8814,91,9
8815,0,3
8816,238,30
8817,0,3
8818,0,3
8819,259,31
8820,0,3
8821,290,31
8822,132,16
8823,238,18
8824,0,3
8825,0,3
8826,0,3
8827,40,7
8828,271,22
8829,284,28
8830,0,3
8831,0,3
8832,0,3
8833,0,3
8834,261,32
8835,0,3
8836,263,25
8837,185,20
8838,239,21
8839,0,3
8840,160,24
8841,164,22
8842,258,21
8843,0,3
8844,134,20
8845,0,3
8846,14,6
8847,114,3
8848,0,3
8849,0,3
8850,0,3
8851,174,19
8852,0,3
8853,355,28
8854,0,3
8855,157,22
8856,106,15
8857,0,3
8858,65,6
8859,0,3
8860,255,16
8861,0,3
8862,0,3
8863,138,16
8864,386,26
8865,0,3
8866,170,18
8867,106,6
8868,0,3
8869,190,17
8870,0,3
8871,12,5
8872,419,34
8873,0,3
8874,0,3
8875,405,12
8876,347,29
8877,308,32
8878,0,3
8879,0,3
8880,0,3
8881,571,24
8882,320,23
8883,0,3
8884,0,3
8885,0,3
8886,259,24
8887,178,13
8888,229,30
8889,158,21
8890,0,3
8891,177,12
8892,142,24
8893,118,18
8894,297,24
8895,0,3
8896,57,9
8897,204,24
8898,0,3
8899,0,3
8900,127,18
8901,232,26
8902,177,19
8903,151,18
8904,0,3
8905,0,3
8906,325,17
8907,0,3
8908,161,21
8909,169,18
8910,29,7
8911,207,20
8912,0,3
8913,230,15
8914,0,3
8915,0,3
8916,0,3
8917,300,33
8918,317,24
8919,52,7
8920,112,15
8921,200,28
8922,311,24
8923,0,3
8924,78,4
8925,235,30
8926,0,3
8927,0,3
8928,0,3
8929,0,3
8930,180,19
8931,162,18
8932,106,17
8933,0,3
8934,119,16
8935,0,3
8936,0,3
8937,291,23
8938,222,17
8939,0,3
8940,254,16
8941,0,3
8942,172,14
8943,204,17
8944,351,32
8945,238,22
8946,218,24
8947,156,21
8948,0,3
8949,297,23
8950,179,22
8951,0,3
8952,331,23
8953,204,26
8954,27,7
8955,208,31
8956,111,15
8957,144,15
8958,0,3
8959,5,3
8960,0,3
8961,0,3
8962,0,3
8963,0,3
8964,0,3
8965,269,28
8966,0,3
8967,223,24
8968,292,21
8969,345,28
8970,229,30
8971,0,3
8972,324,34
8973,280,17
8974,0,3
8975,232,24
8976,170,20
8977,144,18
8978,172,20
8979,61,10
8980,0,3
8981,0,3
8982,161,24
8983,0,3
8984,195,24
8985,123,17
8986,550,30
8987,0,3
8988,0,3
8989,78,12
8990,136,13
8991,313,31
8992,0,3
8993,241,28
8994,84,10
8995,141,22
8996,0,3
8997,177,14
8998,228,24
8999,367,33
9000,107,14
9001,185,22
9002,217,23
9003,0,3
9004,97,12
9005,0,3
9006,0,3
9007,0,3
9008,267,28
9009,0,3
9010,217,27
9011,128,16
9012,213,32
9013,247,22
9014,0,3
9015,263,28
9016,220,26
9017,0,3
9018,185,21
9019,175,28
9020,251,23
9021,45,7
9022,0,3
9023,155,16
9024,142,14
9025,139,15
9026,317,28
9027,325,32
9028,210,25
9029,0,3
9030,0,3
9031,41,8
9032,189,19
9033,0,3
9034,237,23
9035,195,20
9036,19,5
9037,0,3
9038,130,20
9039,161,20
9040,0,3
9041,45,7
9042,280,26
9043,114,21
9044,208,15
9045,0,3
9046,282,22
9047,0,3
9048,115,18
9049,269,24
9050,0,3
9051,0,3
9052,13,5
9053,0,3
9054,0,3
9055,124,16
9056,454,29
9057,0,3
9058,327,34
9059,158,26
9060,191,20
9061,187,20
9062,230,25
9063,177,23
9064,145,20
9065,0,3
9066,226,21
9067,160,15
9068,0,3
9069,244,21
9070,152,19
9071,44,8
9072,333,24
9073,170,18
9074,181,24
9075,0,3
9076,325,26
9077,479,24
9078,0,3
9079,226,27
9080,0,3
9081,0,3
9082,0,3
9083,192,22
9084,261,30
9085,0,3
9086,0,3
9087,0,3
9088,0,3
9089,78,10
9090,0,3
9091,0,3
9092,0,3
9093,263,28
9094,235,27
9095,0,3
9096,212,23
9097,0,3
9098,209,28
9099,215,27
9100,128,19
9101,137,19
9102,282,27
9103,192,19
9104,118,17
9105,0,3
9106,0,3
9107,0,3
9108,170,21
9109,220,22
9110,167,21
9111,0,3
9112,0,3
9113,255,26
9114,0,3
9115,0,3
9116,283,24
9117,197,20
9118,368,23
9119,152,18
9120,0,3
9121,301,26
9122,287,28
9123,78,15
9124,209,26
9125,173,26
9126,193,24
9127,0,3
9128,140,20
9129,0,3
9130,0,3
9131,147,16
9132,313,27
9133,0,3
9134,0,3
9135,182,20
9136,157,23
9137,190,23
9138,276,19
9139,125,17
9140,0,3
9141,194,24
9142,125,20
9143,0,3
9144,136,20
9145,443,25
9146,194,19
9147,135,21
9148,288,23
9149,0,3
9150,0,3
9151,159,17
9152,0,3
9153,114,17
9154,15,4
9155,129,22
9156,43,7
9157,169,23
9158,394,13
9159,229,21
9160,230,30
9161,220,23
9162,0,3
9163,131,20
9164,0,3
9165,0,3
9166,0,3
9167,0,3
9168,174,15
9169,0,3
9170,181,19
9171,0,3
9172,110,13
9173,0,3
9174,271,25
9175,0,3
9176,0,3
9177,0,3
9178,0,3
9179,259,31
9180,159,24
9181,186,24
9182,0,3
9183,90,11
9184,0,3
9185,95,18
9186,0,3
9187,0,3
9188,158,24
9189,177,25
9190,162,21
9191,0,3
9192,0,3
9193,396,34
9194,0,3
9195,223,22
9196,112,14
9197,349,29
9198,304,29
9199,0,3
9200,180,17
9201,115,19
9202,210,25
9203,215,23
9204,121,17
9205,0,3
9206,0,3
9207,369,28
9208,0,3
9209,0,3
9210,74,13
9211,0,3
9212,197,16
9213,199,11
9214,0,3
9215,242,14
9216,38,9
9217,174,17
9218,159,16
9219,186,22
9220,0,3
9221,211,24
9222,240,31
9223,159,17
9224,0,3
9225,244,24
9226,0,3
9227,51,9
9228,216,29
9229,211,23
9230,0,3
9231,80,14
9232,155,20
9233,291,26
9234,0,3
9235,0,3
9236,0,3
9237,0,3
9238,279,17
9239,155,18
9240,0,3
9241,407,28
9242,0,3
9243,257,24
9244,138,17
9245,141,13
9246,276,16
9247,199,23
9248,128,20
9249,182,21
9250,180,17
9251,0,3
9252,348,25
9253,208,21
9254,81,5
9255,0,3
9256,1,3
9257,210,25
9258,209,23
9259,0,3
9260,0,3
9261,163,22
9262,0,3
9263,0,3
9264,0,3
9265,290,28
9266,345,33
9267,310,25
9268,215,28
9269,174,17
9270,0,3
9271,0,3
9272,0,3
9273,0,3
9274,173,18
9275,128,13
9276,0,3
9277,0,3
9278,108,15
9279,369,22
9280,175,24
9281,0,3
9282,175,18
9283,251,29
9284,351,27
9285,303,23
9286,29,8
9287,68,15
9288,0,3
9289,0,3
9290,187,20
9291,176,18
9292,137,16
9293,49,7
9294,191,22
9295,169,22
9296,86,8
9297,229,29
9298,0,3
9299,65,9
9300,220,24
9301,188,20
9302,83,11
9303,0,3
9304,342,16
9305,398,23
9306,0,3
9307,0,3
9308,332,31
9309,127,15
9310,0,3
9311,222,29
9312,207,22
9313,238,22
9314,422,28
9315,0,3
9316,226,30
9317,15,6
9318,0,3
9319,0,3
9320,111,17
9321,223,24
9322,188,17
9323,0,3
9324,253,20
9325,262,26
9326,212,25
9327,0,3
9328,0,3
9329,277,20
9330,0,3
9331,0,3
9332,485,26
9333,0,3
9334,377,30
9335,0,3
9336,0,3
9337,199,13
9338,224,26
9339,96,14
9340,257,23
9341,167,17
9342,0,3
9343,0,3
9344,201,25
9345,204,20
9346,0,3
9347,201,23
9348,0,3
9349,133,11
9350,102,10
9351,287,21
9352,145,20
9353,0,3
9354,0,3
9355,0,3
9356,0,3
9357,140,19
9358,157,18
9359,0,3
9360,281,30
9361,324,25
9362,184,21
9363,269,30
9364,0,3
9365,176,19
9366,238,22
9367,343,34
9368,307,28
9369,0,3
9370,0,3
9371,191,24
9372,158,22
9373,138,12
9374,0,3
9375,0,3
9376,0,3
9377,0,3
9378,236,24
9379,0,3
9380,159,22
9381,67,12
9382,233,27
9383,234,25
9384,0,3
9385,208,24
9386,97,14
9387,109,16
9388,0,3
9389,157,16
9390,210,21
9391,251,24
9392,0,3
9393,233,22
9394,191,20
9395,209,19
9396,88,13
9397,161,19
9398,296,28
9399,156,6
9400,0,3
9401,243,23
9402,136,16
9403,0,3
9404,260,24
9405,228,24
9406,137,15
9407,0,3
9408,0,3
9409,0,3
9410,137,21
9411,158,17
9412,0,3
9413,128,11
9414,66,8
9415,219,22
9416,231,28
9417,382,32
9418,300,30
9419,0,3
9420,281,20
9421,0,3
9422,331,25
9423,0,3
9424,98,13
9425,120,15
9426,0,3
9427,263,24
9428,288,11
9429,309,28
9430,0,3
9431,238,13
9432,301,33
9433,322,24
9434,0,3
9435,0,3
9436,0,3
9437,99,12
9438,0,3
9439,169,20
9440,0,3
9441,0,3
9442,86,16
9443,6,3
9444,234,20
9445,150,18
9446,148,17
9447,0,3
9448,202,21
9449,259,25
9450,0,3
9451,0,3
9452,75,9
9453,250,16
9454,229,24
9455,0,3
9456,0,3
9457,172,21
9458,0,3
9459,0,3
9460,0,3
9461,0,3
9462,0,3
9463,0,3
9464,149,17
9465,359,30
9466,0,3
9467,321,32
9468,114,11
9469,160,19
9470,174,20
9471,116,16
9472,0,3
9473,143,17
9474,121,16
9475,0,3
9476,91,13
9477,305,28
9478,180,24
9479,257,21
9480,0,3
9481,326,22
9482,0,3
9483,0,3
9484,172,14
9485,356,30
9486,0,3
9487,0,3
9488,174,19
9489,68,14
9490,71,11
9491,0,3
9492,142,19
9493,176,20
9494,277,17
9495,341,29
9496,160,20
9497,138,16
9498,0,3
9499,441,33
9500,0,3
9501,0,3
9502,256,28
9503,129,22
9504,454,18
9505,0,3
9506,0,3
9507,166,16
9508,236,29
9509,297,25
9510,0,3
9511,221,23
9512,0,3
9513,136,15
9514,0,3
9515,456,38
9516,191,27
9517,156,18
9518,234,29
9519,71,10
9520,177,21
9521,0,3
9522,106,15
9523,103,11
9524,278,23
9525,208,22
9526,170,18
9527,0,3
9528,0,3
9529,521,35
9530,201,19
9531,0,3
9532,176,21
9533,231,24
9534,65,12
9535,311,24
9536,0,3
9537,0,3
9538,0,3
9539,276,25
9540,0,3
9541,0,3
9542,0,3
9543,394,27
9544,230,18
9545,127,14
9546,200,24
9547,0,3
9548,139,17
9549,127,16
9550,189,22
9551,154,21
9552,288,27
9553,482,24
9554,99,12
9555,431,23
9556,96,13
9557,0,3
9558,269,31
9559,341,24
9560,280,30
9561,0,3
9562,0,3
9563,0,3
9564,107,13
9565,0,3
9566,226,30
9567,47,9
9568,249,21
9569,277,24
9570,0,3
9571,337,31
9572,233,31
9573,0,3
9574,108,20
9575,192,27
9576,24,5
9577,179,20
9578,143,15
9579,291,19
9580,267,23
9581,444,30
9582,392,22
9583,62,13
9584,225,22
9585,265,23
9586,149,18
9587,0,3
9588,0,3
9589,0,3
9590,206,20
9591,258,18
9592,209,28
9593,174,21
9594,0,3
9595,243,19
9596,0,3
9597,147,21
9598,199,18
9599,0,3
9600,0,3
9601,237,22
9602,0,3
9603,273,27
9604,214,17
9605,133,15
9606,0,3
9607,164,11
9608,155,20
9609,154,16
9610,197,24
9611,170,22
9612,244,22
9613,0,3
9614,47,7
9615,0,3
9616,278,23
9617,0,3
9618,0,3
9619,168,23
9620,605,27
9621,243,31
9622,339,20
9623,262,18
9624,0,3
9625,0,3
9626,153,17
9627,0,3
9628,228,27
9629,125,19
9630,135,18
9631,471,29
9632,0,3
9633,175,24
9634,0,3
9635,38,6
9636,102,16
9637,0,3
9638,0,3
9639,226,22
9640,209,18
9641,221,29
9642,0,3
9643,257,24
9644,0,3
9645,204,25
9646,0,3
9647,240,28
9648,187,19
9649,121,15
9650,0,3
9651,282,24
9652,0,3
9653,212,25
9654,0,3
9655,0,3
9656,0,3
9657,0,3
9658,444,28
9659,0,3
9660,169,22
9661,0,3
9662,0,3
9663,176,22
9664,0,3
9665,93,13
9666,0,3
9667,0,3
9668,29,7
9669,226,26
9670,281,28
9671,0,3
9672,208,24
9673,299,30
9674,86,10
9675,37,8
9676,298,20
9677,232,20
9678,0,3
9679,286,26
9680,84,16
9681,0,3
9682,0,3
9683,298,28
9684,0,3
9685,0,3
9686,218,28
9687,169,19
9688,180,23
9689,433,30
9690,291,28
9691,0,3
9692,0,3
9693,259,21
9694,0,3
9695,0,3
9696,0,3
9697,0,3
9698,0,3
9699,0,3
9700,234,23
9701,236,22
9702,0,3
9703,133,13
9704,0,3
9705,156,22
9706,296,38
9707,70,13
9708,195,20
9709,200,21
9710,127,21
9711,106,16
9712,0,3
9713,0,3
9714,132,10
9715,178,18
9716,0,3
9717,156,19
9718,263,17
9719,48,9
9720,0,3
9721,0,3
9722,380,28
9723,455,22
9724,0,3
9725,114,16
9726,1,3
9727,90,14
9728,0,3
9729,174,18
9730,141,20
9731,235,19
9732,160,21
9733,243,21
9734,0,3
9735,232,23
9736,0,3
9737,0,3
9738,312,26
9739,257,27
9740,227,21
9741,0,3
9742,115,13
9743,0,3
9744,0,3
9745,321,33
9746,180,16
9747,148,20
9748,0,3
9749,65,10
9750,235,21
9751,146,17
9752,0,3
9753,197,23
9754,226,17
9755,224,19
9756,201,25
9757,0,3
9758,129,12
9759,218,20
9760,284,33
9761,191,21
9762,276,30
9763,0,3
9764,239,22
9765,0,3
9766,167,23
9767,151,17
9768,0,3
9769,185,21
9770,0,3
9771,0,3
9772,0,3
9773,160,21
9774,202,10
9775,68,15
9776,0,3
9777,0,3
9778,259,27
9779,254,21
9780,187,19
9781,0,3
9782,88,14
9783,223,21
9784,115,17
9785,240,24
9786,55,5
9787,238,23
9788,0,3
9789,0,3
9790,0,3
9791,0,3
9792,0,3
9793,53,8
9794,217,25
9795,203,18
9796,0,3
9797,21,8
9798,0,3
9799,0,3
9800,5,3
9801,0,3
9802,144,14
9803,361,30
9804,713,21
9805,81,9
9806,196,26
9807,279,28
9808,0,3
9809,308,29
9810,0,3
9811,84,13
9812,62,7
9813,187,18
9814,468,15
9815,0,3
9816,400,35
9817,0,3
9818,264,22
9819,0,3
9820,198,23
9821,197,24
9822,256,19
9823,150,21
9824,0,3
9825,382,23
9826,26,6
9827,357,21
9828,0,3
9829,41,10
9830,298,36
9831,377,26
9832,15,4
9833,134,16
9834,0,3
9835,260,25
9836,105,9
9837,174,17
9838,0,3
9839,228,24
9840,24,5
9841,138,25
9842,83,12
9843,0,3
9844,338,34
9845,297,23
9846,0,3
9847,0,3
9848,152,21
9849,196,26
9850,168,20
9851,0,3
9852,213,22
9853,268,30
9854,158,20
9855,150,14
9856,0,3
9857,194,16
9858,0,3
9859,171,22
9860,1000,23
9861,0,3
9862,0,3
9863,0,3
9864,296,15
9865,0,3
9866,280,20
9867,111,14
9868,215,24
9869,97,16
9870,0,3
9871,334,19
9872,0,3
9873,330,25
9874,284,26
9875,0,3
9876,0,3
9877,0,3
9878,0,3
9879,172,20
9880,349,22
9881,0,3
9882,113,11
9883,0,3
9884,159,17
9885,264,26
9886,188,19
9887,252,21
9888,0,3
9889,132,18
9890,301,31
9891,248,24
9892,0,3
9893,73,9
9894,110,16
9895,206,21
9896,252,27
9897,0,3
9898,207,14
9899,0,3
9900,177,19
9901,0,3
9902,0,3
9903,0,3
9904,254,23
9905,0,3
9906,23,6
9907,165,17
9908,219,19
9909,108,12
9910,70,14
9911,415,32
9912,363,35
9913,0,3
9914,367,27
9915,0,3
9916,0,3
9917,270,15
9918,0,3
9919,2,3
9920,230,27
9921,109,17
9922,98,10
9923,210,19
9924,137,15
9925,157,25
9926,339,35
9927,269,25
9928,113,20
9929,30,6
9930,0,3
9931,175,26
9932,176,19
9933,137,15
9934,93,14
9935,264,21
9936,212,21
9937,322,23
9938,294,24
9939,234,18
9940,133,15
9941,104,10
9942,94,14
9943,1,3
9944,184,22
9945,110,15
9946,0,3
9947,252,23
9948,262,21
9949,0,3
9950,84,9
9951,113,20
9952,0,3
9953,99,13
9954,66,8
9955,111,13
9956,136,15
9957,0,3
9958,0,3
9959,228,15
9960,457,21
9961,132,17
9962,161,16
9963,110,15
9964,0,3
9965,0,3
9966,139,18
9967,0,3
9968,141,17
9969,150,13
9970,113,15
9971,0,3
9972,0,3
9973,331,25
9974,0,3
9975,90,13
9976,0,3
9977,0,3
9978,54,6
9979,0,3
9980,283,31
9981,0,3
9982,240,21
9983,185,18
9984,0,3
9985,138,19
9986,113,13
9987,0,3
9988,0,3
9989,219,25
9990,0,3
9991,0,3
9992,0,3
9993,0,3
9994,141,15
9995,109,13
9996,98,9
9997,0,3
9998,488,34
9999,0,3
